composition_number,cadence_kind_1,cadence_kind_2,cadence_kind_3,cadence_kind_4,cadence_kind_5,cadence_kind_6,cadence_kind_7,cadence_kind_8,cadence_kind_9,cadence_kind_10,cadence_role_cantz_1,cadence_role_cantz_2,cadence_role_cantz_3,cadence_role_cantz_4,cadence_role_cantz_5,cadence_role_cantz_6,cadence_role_cantz_7,cadence_role_cantz_8,cadence_role_cantz_9,cadence_role_cantz_10,cadence_alter_1,cadence_alter_2,cadence_alter_3,cadence_alter_4,cadence_alter_5,cadence_alter_6,cadence_alter_7,cadence_alter_8,cadence_alter_9,cadence_alter_10,cadence_final_tone_1,cadence_final_tone_2,cadence_final_tone_3,cadence_final_tone_4,cadence_final_tone_5,cadence_final_tone_6,cadence_final_tone_7,cadence_final_tone_8,cadence_final_tone_9,cadence_final_tone_10,cadence_role_tenz_1,cadence_role_tenz_2,cadence_role_tenz_3,cadence_role_tenz_4,cadence_role_tenz_5,cadence_role_tenz_6,cadence_role_tenz_7,cadence_role_tenz_8,cadence_role_tenz_9,cadence_role_tenz_10
DC0312: Faictes si vous plaist vostre aumosne,Authentic+Plagal,None,None,None,None,None,None,None,None,None,S+None,None,None,None,None,None,None,None,None,None,None+None,None,None,None,None,None,None,None,None,None,G+D,None,None,None,None,None,None,None,None,None,T+None,None,None,None,None,None,None,None,None,None
DC0103: O combien je suis fortunÃ©,Authentic+Authentic,Authentic+Authentic,Authentic+Authentic,Authentic+Authentic,Authentic+Authentic,None,None,None,None,None,T+S,S+T,T+S,S+T,T+S,None,None,None,None,None,Displaced+None,None+Displaced,Displaced+None,None+Displaced,Displaced+None,None,None,None,None,None,D+G,G+B-flat,B-flat+B-flat,B-flat+B-flat,B-flat+G,None,None,None,None,None,B+T,T+B,B+T,T+B,B+T,None,None,None,None,None
"DC0102: Venons au poinct, ma dame s'il vous plaist",Authentic+Authentic,Authentic+Authentic,Authentic+Authentic,Authentic+Authentic,Authentic+Authentic,Authentic+Authentic,Authentic+Authentic,None,None,None,S+S,S+S,S+S,S+T,T+S,S+S,S+S,None,None,None,None+None,None+None,None+None,None+Inverted,Inverted+None,None+None,None+None,None,None,None,D+A,A+D,D+F,F+F,F+D,D+A,A+D,None,None,None,T+T,T+T,T+T,T+S,S+T,T+T,T+T,None,None,None
"DC0105: Cest oeil mignon, ce visage poly",Authentic+Authentic,Authentic+Plagal,Plagal+Authentic,Authentic+Authentic,Authentic+Authentic,Authentic+Authentic,Authentic+Authentic,Authentic+Authentic,Authentic+Authentic,None,S+S,S+None,None+S,S+S,S+S,S+S,S+T,T+S,S+S,None,None+None,None+None,None+None,None+None,None+Displaced,Displaced+Displaced,"Displaced+Inverted, Incomplete","Inverted, Incomplete+None",None+None,None,G+B-flat,B-flat+B-flat,B-flat+G,G+B-flat,B-flat+D,D+B-flat,B-flat+G,G+D,D+G,None,T+T,T+None,None+T,T+T,T+Ct,Ct+Ct,Ct+Ct,Ct+T,T+T,None
DC0702: Je suis bien aise qu'elle est belle,Authentic+CadInCad,CadInCad+Authentic,Authentic+Plagal,Plagal+Authentic,None,None,None,None,None,None,S+S,S+S,S+None,None+S,None,None,None,None,None,None,None+None,None+None,None+None,None+None,None,None,None,None,None,None,A+D,D+A,A+A,A+D,None,None,None,None,None,None,T+T,T+T,T+None,None+T,None,None,None,None,None,None
DC0715: Or perdz-je celle en qui gist tout mon bien,Authentic+Authentic,Authentic+Authentic,Authentic+Authentic,Authentic+Authentic,Authentic+Authentic,None,None,None,None,None,S+S,S+S,S+Ct,Ct+S,S+S,None,None,None,None,None,None+None,None+None,"None+Displaced, Evaded","Displaced, Evaded+None",None+None,None,None,None,None,None,B-flat+G,G+D,D+D,D+C,C+G,None,None,None,None,None,T+T,T+T,T+T,T+T,T+T,None,None,None,None,None
DC0922: O cruaultÃ© logÃ©e en grant beaultÃ©,Plagal+Authentic,Authentic+Authentic,Authentic+Plagal,Plagal+Authentic,None,None,None,None,None,None,None+S,S+T,T+None,None+S,None,None,None,None,None,None,None+None,"None+Displaced, Inverted, Evaded","Displaced, Inverted, Evaded+None",None+None,None,None,None,None,None,None,A+F,F+C,C+A,A+F,None,None,None,None,None,None,None+T,T+Ct,Ct+None,None+T,None,None,None,None,None,None
DC0304: Poste esgarÃ© par trop adventureux,Authentic+Authentic,Authentic+CadInCad,CadInCad+Authentic,Authentic+Authentic,Authentic+Authentic,Authentic+Authentic,Authentic+Authentic,None,None,None,T+S,S+S,S+S,S+T,T+Ct,Ct+Ct,Ct+B,None,None,None,"Displaced, Incomplete+None",None+None,None+None,"None+Displaced, Incomplete","Displaced, Incomplete+Displaced",Displaced+Displaced,"Displaced+Displaced, Inverted",None,None,None,A+D,D+A,A+D,D+A,A+A,A+C,C+A,None,None,None,None+T,T+T,T+T,T+None,None+B,B+B,B+Ct,None,None,None
DC0903: Si l'amyitiÃ© n'est que conjonction,Authentic+Authentic,Authentic+CadInCad,CadInCad+Phrygian,None,None,None,None,None,None,None,S+S,S+T,T+B,None,None,None,None,None,None,None,None+None,"None+Displaced, Incomplete, Evaded","Displaced, Incomplete, Evaded+Displaced, Inverted",None,None,None,None,None,None,None,A+D,D+D,D+A,None,None,None,None,None,None,None,T+T,T+Ct,Ct+Ct,None,None,None,None,None,None,None
DC0505: Si vous aviez comme moy faim,Authentic+Authentic,Authentic+Authentic,Authentic+Authentic,Authentic+Authentic,Authentic+Phrygian,Phrygian+Authentic,None,None,None,None,S+S,S+S,S+S,S+S,S+Ct,Ct+S,None,None,None,None,None+None,None+None,None+None,None+None,None+Displaced,Displaced+None,None,None,None,None,G+G,G+G,G+B-flat,B-flat+D,D+D,D+G,None,None,None,None,T+T,T+T,T+T,T+T,T+B,B+T,None,None,None,None
DC0912: Amour et moy avons faict accointance,Phrygian+Authentic,Authentic+Authentic,Authentic+Authentic,Authentic+Authentic,Authentic+Authentic,Authentic+Authentic,Authentic+Authentic,None,None,None,Ct+S,S+T,T+S,S+T,T+S,S+S,S+T,None,None,None,Displaced+None,None+Displaced,Displaced+None,"None+Displaced, Inverted, Evaded","Displaced, Inverted, Evaded+None",None+None,"None+Displaced, Inverted, Evaded",None,None,None,D+G,G+B-flat,B-flat+B-flat,B-flat+D,D+G,G+D,D+G,None,None,None,B+T,T+B,B+T,T+Ct,Ct+T,T+T,T+Ct,None,None,None
DC0414: Je voudrois ce gentil clerc estre,Plagal+Authentic,Authentic+Authentic,Authentic+Authentic,None,None,None,None,None,None,None,None+S,S+Ct,Ct+S,None,None,None,None,None,None,None,None+None,None+Displaced,Displaced+None,None,None,None,None,None,None,None,C+F,F+F,F+C,None,None,None,None,None,None,None,None+T,T+B,B+T,None,None,None,None,None,None,None
DC0709: Je ly au cueur de m'amye,Plagal+Authentic,Authentic+Phrygian,Phrygian+Authentic,None,None,None,None,None,None,None,None+S,S+S,S+S,None,None,None,None,None,None,None,None+None,None+None,None+None,None,None,None,None,None,None,None,A+G,G+A,A+G,None,None,None,None,None,None,None,None+T,T+T,T+T,None,None,None,None,None,None,None
DC0926: Ne vous faschez si me voyez jaloux,Authentic+Authentic,Authentic+Authentic,Authentic+Authentic,Authentic+Authentic,None,None,None,None,None,None,S+S,S+S,S+Ct,Ct+S,None,None,None,None,None,None,None+None,None+Evaded,Evaded+Displaced,Displaced+None,None,None,None,None,None,None,C+G,G+C,C+C,C+G,None,None,None,None,None,None,T+T,T+T,T+T,T+T,None,None,None,None,None,None
DC0520: Quelque yvrongne de par le monde,CadInCad+Authentic,Authentic+Authentic,Authentic+Authentic,Authentic+Authentic,Authentic+Authentic,None,None,None,None,None,T+T,T+S,S+Ct,Ct+S,S+T,None,None,None,None,None,"Displaced, Evaded+Displaced",Displaced+None,"None+Displaced, Inverted, Evaded","Displaced, Inverted, Evaded+Incomplete",Incomplete+Displaced,None,None,None,None,None,C+C,C+G,G+G,G+G,G+C,None,None,None,None,None,Ct+B,B+T,T+None,None+T,T+B,None,None,None,None,None
DC0707: Or suis-je bien sur tous le miserable,Authentic+Authentic,Authentic+CadInCad,CadInCad+CadInCad,CadInCad+Authentic,Authentic+Authentic,None,None,None,None,None,T+S,S+S,S+S,S+T,T+S,None,None,None,None,None,"Displaced, Inverted+None",None+None,None+None,"None+Displaced, Inverted, Evaded","Displaced, Inverted, Evaded+None",None,None,None,None,None,D+G,G+D,D+B-flat,B-flat+D,D+G,None,None,None,None,None,Ct+T,T+T,T+T,T+Ct,Ct+T,None,None,None,None,None
DC0408: Amour se doibt figurer une rose,Phrygian+Authentic,Authentic+Authentic,Authentic+Authentic,Authentic+Plagal,Plagal+Authentic,None,None,None,None,None,Ct+S,S+S,S+S,S+None,None+S,None,None,None,None,None,None+None,None+None,None+None,None+None,None+None,None,None,None,None,None,D+G,G+B-flat,B-flat+D,D+D,D+G,None,None,None,None,None,None+T,T+T,T+T,T+None,None+T,None,None,None,None,None
DC0321: S'amour vous a donnÃ© mon coeur en gaige,Authentic+Authentic,Authentic+Authentic,Authentic+Authentic,Authentic+Authentic,Authentic+Plagal,Plagal+Authentic,Authentic+Authentic,Authentic+Authentic,Authentic+CAD NDLT,None,S+S,S+S,S+S,S+T,T+None,None+T,T+S,S+B,B+Ct,None,None+None,None+None,None+None,"None+Inverted, Evaded","Inverted, Evaded+None","None+Displaced, Inverted, Evaded","Displaced, Inverted, Evaded+None","None+Displaced, Inverted","Displaced, Inverted+Displaced",None,G+A,A+G,G+C,C+C,C+E,E+D,D+G,G+E,E+G,None,T+T,T+T,T+T,T+S,S+None,None+Ct,Ct+T,T+S,S+B,None
"DC0920: Dame excellente, en vertu bien apprise",Authentic+Authentic,Authentic+Authentic,Authentic+Authentic,Authentic+CAD NDLT,None,None,None,None,None,None,T+S,S+Ct,Ct+B,B+Ct,None,None,None,None,None,None,Displaced+None,None+Displaced,"Displaced+Displaced, Inverted","Displaced, Inverted+Displaced",None,None,None,None,None,None,C+G,G+G,G+C,C+C,None,None,None,None,None,None,B+T,T+B,B+T,T+B,None,None,None,None,None,None
DC0725: Ce qu'il [=qui] me faict si aysÃ©ment jaloux,Authentic+Authentic,Authentic+Authentic,Authentic+Authentic,Authentic+CadInCad,CadInCad+Authentic,None,None,None,None,None,S+S,S+Ct,Ct+S,S+S,S+S,None,None,None,None,None,None+None,None+Displaced,Displaced+None,None+None,None+None,None,None,None,None,None,C+F,F+F,F+C,C+F,F+F,None,None,None,None,None,T+T,T+B,B+T,T+T,T+T,None,None,None,None,None
DC0403: Prendre plaisir en aymant loyaulment,Authentic+Authentic,Authentic+Authentic,Authentic+Authentic,Authentic+Authentic,Authentic+Authentic,Authentic+Authentic,None,None,None,None,S+S,S+S,S+T,T+S,S+S,S+S,None,None,None,None,Evaded+None,None+None,None+Inverted,Inverted+None,None+None,None+None,None,None,None,None,D+G,G+G,G+G,G+D,D+D,D+G,None,None,None,None,T+T,T+T,T+S,S+T,T+T,T+T,None,None,None,None
DC0107: La voluntÃ© si longtemps endormie,Authentic+Authentic,Authentic+Authentic,Authentic+Authentic,Authentic+Authentic,Authentic+Authentic,None,None,None,None,None,T+S,S+S,S+S,S+T,T+S,None,None,None,None,None,"Displaced, Inverted, Evaded+None",None+None,None+None,"None+Displaced, Inverted, Evaded","Displaced, Inverted, Evaded+None",None,None,None,None,None,B-flat+G,G+G,G+G,G+B-flat,B-flat+G,None,None,None,None,None,Ct+T,T+T,T+T,T+Ct,Ct+T,None,None,None,None,None
DC0125: Si ton plus grand plaisir n'est sinon d'estre tienne,Authentic+Authentic,Authentic+Authentic,Authentic+Authentic,Authentic+Authentic,Authentic+Authentic,None,None,None,None,None,S+S,S+Ct,Ct+S,S+S,S+S,None,None,None,None,None,None+None,None+Displaced,Displaced+None,None+None,None+None,None,None,None,None,None,G+A,A+G,G+G,G+G,G+G,None,None,None,None,None,T+T,T+B,B+T,T+T,T+T,None,None,None,None,None
DC0718: Petit jardin a VÃ©nus consacrÃ©,Authentic+Authentic,Authentic+Authentic,Authentic+Plagal,Plagal+Authentic,None,None,None,None,None,None,S+S,S+S,S+None,None+S,None,None,None,None,None,None,None+None,None+None,None+None,None+None,None,None,None,None,None,None,B-flat+G,G+D,D+D,D+G,None,None,None,None,None,None,T+T,T+T,T+None,None+T,None,None,None,None,None,None
DC0625: Si je n'avois de fermetÃ©,Authentic+Authentic,Authentic+Plagal,Plagal+Authentic,Authentic+Authentic,None,None,None,None,None,None,T+S,S+None,None+S,S+S,None,None,None,None,None,None,"Displaced, Inverted, Evaded+None",None+None,None+None,None+None,None,None,None,None,None,None,C+G,G+D,D+A,A+G,None,None,None,None,None,None,Ct+T,T+None,None+T,T+T,None,None,None,None,None,None
DC0705: Soleil qui tout voit par ma foy,Plagal+Authentic,Authentic+Plagal,Plagal+Authentic,Authentic+Authentic,Authentic+Authentic,None,None,None,None,None,None+S,S+None,None+S,S+S,S+S,None,None,None,None,None,None+None,None+None,None+None,None+None,None+None,None,None,None,None,None,D+G,G+D,D+G,G+B-flat,B-flat+G,None,None,None,None,None,None+T,T+None,None+T,T+T,T+T,None,None,None,None,None
"DC0615: N'ayez plus peur, mary jaloux",Authentic+Authentic,Authentic+Authentic,Authentic+Authentic,None,None,None,None,None,None,None,S+S,S+T,T+S,None,None,None,None,None,None,None,None+None,None+Displaced,Displaced+None,None,None,None,None,None,None,None,F+A,A+C,C+F,None,None,None,None,None,None,None,T+T,T+B,B+T,None,None,None,None,None,None,None
DC0411: O vous mes yeulx qui avez incitÃ©,Authentic+Authentic,Authentic+Authentic,Authentic+Phrygian,Phrygian+Authentic,None,None,None,None,None,None,S+Ct,Ct+S,S+B,B+S,None,None,None,None,None,None,None+Displaced,Displaced+None,"None+Inverted, Displaced","Inverted, Displaced+None",None,None,None,None,None,None,C+C,C+A,A+E,E+C,None,None,None,None,None,None,T+None,None+T,T+Ct,Ct+T,None,None,None,None,None,None
DC0607: Si m'amie a de fermetÃ©,Authentic+Authentic,Authentic+Authentic,Authentic+Plagal,Plagal+Authentic,Authentic+Authentic,None,None,None,None,None,B+S,S+S,S+None,None+S,S+S,None,None,None,None,None,"Displaced, Inverted+None",None+None,None+None,None+Evaded,Evaded+None,None,None,None,None,None,B-flat+G,G+B-flat,B-flat+D,D+B-flat,B-flat+G,None,None,None,None,None,S+T,T+T,T+None,None+T,T+T,None,None,None,None,None
"DC0923: En ce verd moys, temps opportun",Authentic+Authentic,Authentic+Authentic,None,None,None,None,None,None,None,None,S+T,T+S,None,None,None,None,None,None,None,None,"None+Displaced, Inverted, Evaded","Displaced, Inverted, Evaded+None",None,None,None,None,None,None,None,None,F+F,F+F,None,None,None,None,None,None,None,None,T+Ct,Ct+T,None,None,None,None,None,None,None,None
DC0909: Si Salamandre en flamme vit c'est peu,Authentic+Authentic,Authentic+Plagal,Plagal+CadInCad,CadInCad+CadInCad,CadInCad+Authentic,None,None,None,None,None,B+S,S+None,None+S,S+T,T+S,None,None,None,None,None,"Displaced, Inverted+None",None+None,None+None,"None+Displaced, Inverted, Evaded","Displaced, Inverted, Evaded+None",None,None,None,None,None,A+D,D+A,A+A,A+D,D+D,None,None,None,None,None,Ct+T,T+None,None+T,T+Ct,Ct+T,None,None,None,None,None
DC0905: Je ne suis pas si sot berger,Authentic+Authentic,Authentic+CadInCad,CadInCad+Authentic,None,None,None,None,None,None,None,S+S,S+S,S+S,None,None,None,None,None,None,None,None+None,None+None,None+None,None,None,None,None,None,None,None,G+G,G+B-flat,B-flat+G,None,None,None,None,None,None,None,T+T,T+T,T+T,None,None,None,None,None,None,None
DC0401: Monsieur l'AbbÃ© et monsieur son vallet,Authentic+Authentic,Authentic+Authentic,Authentic+Authentic,Authentic+Authentic,Authentic+Authentic,Authentic+Plagal,None,None,None,None,S+S,S+S,S+S,S+S,S+S,S+,None,None,None,None,None+None,None+None,None+None,None+None,None+None,None+None,None,None,None,None,G+D,D+G,G+D,D+G,G+G,G+D,None,None,None,None,T+T,T+T,T+T,T+T,T+T,T+,None,None,None,None
DC0413: D'un amy fainct je ne me puis deffaire,CAD NDLT+Authentic,Authentic+Authentic,Authentic+Authentic,Authentic+Authentic,None,None,None,None,None,None,Ct+S,S+S,S+S,S+S,None,None,None,None,None,None,Displaced+None,None+Displaced,Displaced+None,None+None,None,None,None,None,None,None,C+F,F+C,C+F,F+F,None,None,None,None,None,None,None+T,T+Ct,Ct+T,T+T,None,None,None,None,None,None
"DC0510: J'endure tout, c'est bien raison",Authentic+Authentic,Authentic+Plagal,Plagal+Plagal,Plagal+Authentic,Authentic+Plagal,Plagal+Authentic,None,None,None,None,S+T,T+,+None,None+S,S+None,None+S,None,None,None,None,"None+Inverted, Evaded, Displaced","Inverted, Evaded, Displaced+None",None+None,None+None,None+None,None+Evaded,None,None,None,None,D+D,D+D,D+D,D+D,D+D,D+G,None,None,None,None,T+Ct,Ct+,+None,None+T,T+None,None+T,None,None,None,None
"DC0509: Ã‡a ces beaux yeux, Ã§a ceste bouche",Authentic+Authentic,Authentic+Plagal,Plagal+Authentic,Authentic+Authentic,Authentic+Authentic,Authentic+Phrygian,Phrygian+Authentic,None,None,None,S+S,S+,+S,S+S,S+S,S+S,S+S,None,None,None,None+None,None+None,None+None,None+Evaded,Evaded+None,None+Displaced,Displaced+None,None,None,None,D+G,G+D,D+G,G+D,D+B-flat,B-flat+A,A+G,None,None,None,T+T,T+,+T,T+T,T+T,T+B,B+T,None,None,None
"DC0701: Or sus, pas je ne veulx refaire",Authentic+Authentic,Authentic+Authentic,Authentic+Authentic,Authentic+Plagal,None,None,None,None,None,None,S+S,S+Ct,Ct+T,T+None,None,None,None,None,None,None,None+None,None+Displaced,"Displaced+Displaced, Inverted","Displaced, Inverted+None",None,None,None,None,None,None,D+A,A+C,C+D,D+A,None,None,None,None,None,None,T+T,T+T,T+Ct,Ct+None,None,None,None,None,None,None
"DC0604: OÃ_ est ce temps, dictes, mademoiselle",Authentic+Authentic,Authentic+Authentic,Authentic+Authentic,Authentic+Plagal,Plagal+Authentic,Authentic+Authentic,None,None,None,None,S+S,S+S,S+S,S+None,None+S,S+S,None,None,None,None,None+None,None+None,None+None,None+None,None+Evaded,Evaded+None,None,None,None,None,G+D,D+D,D+D,D+D,D+A,A+G,None,None,None,None,T+T,T+T,T+T,T+None,None+T,T+T,None,None,None,None
DC0214: Puis que malheur me tient rigueur,Authentic+Authentic,Authentic+Authentic,Authentic+Authentic,Authentic+Authentic,Authentic+Authentic,None,None,None,None,None,S+S,S+S,S+Ct,Ct+T,T+S,None,None,None,None,None,"Displaced, Inverted+None",None+None,None+Displaced,"Displaced+Displaced, Inverted, Evaded","Displaced, Inverted, Evaded+None",None,None,None,None,None,C+F,F+A,A+D,D+F,F+F,None,None,None,None,None,B+T,T+T,T+B,B+Ct,Ct+T,None,None,None,None,None
DC0417: Rossignolet qui chante au verd bois,Authentic+Authentic,Authentic+Authentic,Authentic+Authentic,Authentic+Authentic,Authentic+Plagal,None,None,None,None,None,Ct+S,S+S,S+T,T+S,S+None,None,None,None,None,None,Displaced+None,None+Incomplete,"Incomplete+Displaced, Inverted, Incomplete, Evaded","Displaced, Inverted, Incomplete, Evaded+Displaced",Displaced+None,None,None,None,None,None,G+C,C+G,G+C,C+G,G+C,None,None,None,None,None,B+T,T+T,T+Ct,Ct+B,B+None,None,None,None,None,None
DC0603: Or Ã  ce jour le verd may se termine,Authentic+Authentic,Authentic+Plagal,Plagal+Authentic,Authentic+Plagal,Plagal+Authentic,Authentic+Authentic,Authentic+Authentic,None,None,None,S+S,S+None,None+T,T+None,None+S,S+S,S+S,None,None,None,None+None,None+None,"None+Displaced, Inverted, Evaded","Displaced, Inverted, Evaded+None",None+None,None+None,None+None,None,None,None,D+A,A+A,A+A,A+A,A+D,D+F,F+A,None,None,None,T+T,T+None,None+Ct,Ct+None,None+T,T+T,T+T,None,None,None
DC0521: Jehan se jouant un jour avec Jehannette,Authentic+Plagal,Plagal+Authentic,Authentic+Authentic,Authentic+Authentic,Authentic+CAD NDLT,CAD NDLT+Authentic,Authentic+Authentic,Authentic+Authentic,Authentic+Plagal,None,S+None,None+S,S+S,S+B,B+Ct,Ct+T,T+T,T+S,S+,None,None+None,None+None,None+None,"None+Inverted, Evaded, Displaced","Inverted, Evaded, Displaced+Displaced","Displaced+Inverted, Displaced","Inverted, Displaced+Inverted, Evaded, Displaced","Inverted, Evaded, Displaced+None",None+None,None,C+E,E+C,C+C,C+C,C+G,G+G,G+C,C+G,G+C,None,T+None,None+T,T+T,T+S,S+B,B+S,S+Ct,Ct+T,T+,None
"DC0914: Las, si tu as plaisir en mon ennuy",Authentic+Authentic,Authentic+Authentic,Authentic+Plagal,Plagal+Authentic,None,None,None,None,None,None,S+S,S+S,S+None,None+S,None,None,None,None,None,None,None+None,None+None,None+None,None+None,None,None,None,None,None,None,C+A,A+C,C+E,E+A,None,None,None,None,None,None,T+T,T+T,T+None,None+T,None,None,None,None,None,None
"DC0305: Sus, sus, ma seur, prendz bon couraige",Authentic+Authentic,Authentic+Phrygian,Phrygian+Authentic,Authentic+Authentic,Authentic+Authentic,Authentic+Authentic,Authentic+CadInCad,None,None,None,S+S,S+Ct,Ct+S,S+S,S+S,S+Ct,Ct+S,None,None,None,None+None,None+Displaced,Displaced+None,None+None,None+None,None+Displaced,Displaced+None,None,None,None,A+D,D+A,A+D,D+A,A+F,F+A,A+D,None,None,None,T+T,T+B,B+T,T+T,T+T,T+B,B+T,None,None,None
DC0201: Je me veulx tant a son vouloir offrir,Authentic+CadInCad,CadInCad+Authentic,Authentic+Authentic,None,None,None,None,None,None,None,S+S,S+S,S+S,None,None,None,None,None,None,None,None+Evaded,Evaded+Displaced,Displaced+None,None,None,None,None,None,None,None,D+A,A+F,F+D,None,None,None,None,None,None,None,T+T,T+Ct,Ct+T,None,None,None,None,None,None,None
DC0622: Je suys a vous mais sÃ§avez vous comment,Authentic+Authentic,None,None,None,None,None,None,None,None,None,S+S,None,None,None,None,None,None,None,None,None,None+None,None,None,None,None,None,None,None,None,None,G+G,None,None,None,None,None,None,None,None,None,T+T,None,None,None,None,None,None,None,None,None
DC0221: Qu'est-il besoing cercher toutes les nuictz,Authentic+Authentic,Authentic+Authentic,Authentic+Authentic,Authentic+Authentic,Authentic+CadInCad,None,None,None,None,None,Ct+S,S+S,S+Ct,Ct+S,S+T,None,None,None,None,None,Displaced+None,"None+Incomplete, Evaded","Incomplete, Evaded+Displaced, Incomplete","Displaced, Incomplete+None",None+Incomplete,None,None,None,None,None,F+F,F+G,G+C,C+C,C+F,None,None,None,None,None,B+T,T+None,None+T,T+T,T+None,None,None,None,None,None
DC0424: Si me voyez face triste et dolente,Authentic+Authentic,Authentic+Authentic,Authentic+CAD NDLT,CAD NDLT+Authentic,Authentic+Authentic,None,None,None,None,None,Ct+S,S+S,S+Ct,Ct+S,S+S,None,None,None,None,None,"Inverted, Incomplete+None",None+Evaded,Evaded+Displaced,Displaced+None,None+None,None,None,None,None,None,G+G,G+C,C+G,G+A,A+G,None,None,None,None,None,T+T,T+T,T+B,B+T,T+T,None,None,None,None,None
DC0720: O qui aura sur mon heur advantage,CadInCad+Authentic,Authentic+CAD NDLT,CAD NDLT+Authentic,Authentic+Authentic,Authentic+CadInCad,None,None,None,None,None,Ct+S,S+S,S+S,S+T,T+T,None,None,None,None,None,"Displaced, Inverted+None",None+Displaced,Displaced+None,"None+Displaced, Inverted, Evaded","Displaced, Inverted, Evaded+Displaced, Inverted, Evaded",None,None,None,None,None,C+C,C+G,G+G,G+C,C+C,None,None,None,None,None,S+T,T+B,B+T,T+Ct,Ct+Ct,None,None,None,None,None
DC0422: Le temps vouldroit de soy trop presumer,Authentic+Authentic,Authentic+CadInCad,CadInCad+Authentic,Authentic+Authentic,Authentic+Authentic,Authentic+Plagal,Plagal+Authentic,None,None,None,Ct+S,S+S,S+S,S+Ct,Ct+S,S+None,None+S,None,None,None,"Displaced, Inverted+None",None+None,None+None,None+Displaced,Displaced+None,None+None,None+None,None,None,None,D+G,G+D,D+G,G+D,D+A,A+D,D+G,None,None,None,S+T,T+T,T+T,T+T,T+T,T+None,None+T,None,None,None
"DC0613: Et vray Dieu, qu'il m'ennuye",Phrygian+Authentic,Authentic+Plagal,Plagal+Authentic,None,None,None,None,None,None,None,B+S,S+None,None+S,None,None,None,None,None,None,None,"Displaced, Inverted+None",None+None,None+None,None,None,None,None,None,None,None,D+G,G+D,D+D,None,None,None,None,None,None,None,S+T,T+None,None+T,None,None,None,None,None,None,None
DC0619: Il n'est que d'estre sur l'herbette,Authentic+Authentic,Authentic+Authentic,None,None,None,None,None,None,None,None,S+S,S+S,None,None,None,None,None,None,None,None,None+None,None+None,None,None,None,None,None,None,None,None,F+G,G+F,None,None,None,None,None,None,None,None,T+T,T+T,None,None,None,None,None,None,None,None
DC0415: Amour que tu me fais de mal,Authentic+Authentic,Authentic+Authentic,Authentic+Authentic,Authentic+CAD NDLT,CAD NDLT+Plagal,Plagal+CAD NDLT,CAD NDLT+CAD NDLT,CAD NDLT+Authentic,None,None,S+S,S+S,S+T,T+Ct,Ct+,+Ct,Ct+Ct,Ct+T,None,None,"Displaced, Incomplete+None",None+None,"None+Inverted, Evaded, Displaced","Inverted, Evaded, Displaced+Displaced",Displaced+None,None+Displaced,Displaced+Displaced,Displaced+None,None,None,F+C,C+F,F+F,F+C,C+D,D+F,F+F,F+F,None,None,Ct+T,T+T,T+Ct,Ct+B,B+,+B,B+B,B+None,None,None
DC0616: Dieu doinct le bon jour Ã  m'amye,Authentic+Authentic,Authentic+Authentic,None,None,None,None,None,None,None,None,Ct+S,S+S,None,None,None,None,None,None,None,None,Displaced+None,None+None,None,None,None,None,None,None,None,None,F+C,C+F,None,None,None,None,None,None,None,None,T+T,T+T,None,None,None,None,None,None,None,None
DC0115: Quelle prison au monde est plus cruelle,Phrygian+Authentic,Authentic+Authentic,Authentic+Phrygian,Phrygian+Authentic,None,None,None,None,None,None,B+S,S+S,S+S,S+S,None,None,None,None,None,None,"Inverted, Displaced+None",None+None,None+None,None+None,None,None,None,None,None,None,E+A,A+C,C+E,E+A,None,None,None,None,None,None,Ct+T,T+T,T+T,T+T,None,None,None,None,None,None
DC0525: Recepte pour un flux de bourse,Authentic+Authentic,Authentic+Authentic,Authentic+CadInCad,CadInCad+Plagal,None,None,None,None,None,None,S+S,S+S,S+T,T+None,None,None,None,None,None,None,None+None,None+Displaced,"Displaced+Inverted, Evaded","Inverted, Evaded+None",None,None,None,None,None,None,G+C,C+C,C+C,C+G,None,None,None,None,None,None,T+T,T+Ct,Ct+S,S+None,None,None,None,None,None,None
DC0621: Un gay berger prioit une bergiere,Authentic+Authentic,Authentic+Authentic,Authentic+Plagal,Plagal+Authentic,None,None,None,None,None,None,S+S,S+S,S+None,None+S,None,None,None,None,None,None,None+None,None+None,None+None,None+None,None,None,None,None,None,None,G+G,G+G,G+G,G+G,None,None,None,None,None,None,T+T,T+T,T+None,None+T,None,None,None,None,None,None
DC0710: Quelqu'un me disoit l'aultre jour,Authentic+CadInCad,CadInCad+Plagal,Plagal+Plagal,Plagal+Plagal,Plagal+Plagal,None,None,None,None,None,S+S,S+None,None+None,None+None,None+None,None,None,None,None,None,None+None,None+None,None+None,None+None,None+None,None,None,None,None,None,G+D,D+D,D+G,G+G,G+D,None,None,None,None,None,T+T,T+None,None+None,None+None,None+None,None,None,None,None,None
DC0222: Margot s'endormit sur un lict,Authentic+Authentic,Authentic+Authentic,Authentic+Authentic,Authentic+Authentic,Authentic+Plagal,Plagal+Authentic,Authentic+Authentic,Authentic+Authentic,Authentic+Plagal,None,S+S,S+Ct,Ct+Ct,Ct+S,S+None,None+S,S+S,S+Ct,Ct+None,None,None+None,None+Incomplete,Incomplete+Displaced,Displaced+None,None+None,None+None,None+None,None+Displaced,Displaced+None,None,F+F,F+F,F+F,F+F,F+D,D+C,C+F,F+D,D+F,None,T+T,T+None,None+T,T+T,T+None,None+T,T+T,T+T,T+None,None
DC0514: Puisque tu veulx mettre fin Ã  ta plaincte,Authentic+Authentic,Authentic+Phrygian,Phrygian+Authentic,Authentic+Authentic,Authentic+Plagal,None,None,None,None,None,S+S,S+Ct,Ct+S,S+Ct,Ct+None,None,None,None,None,None,None+None,None+Displaced,Displaced+None,None+Displaced,Displaced+None,None,None,None,None,None,C+A,A+E,E+A,A+G,G+E,None,None,None,None,None,T+T,T+B,B+T,T+B,B+None,None,None,None,None,None
"DC0717: Petite damoyselle, Amour donnez lieu",Authentic+Plagal,Plagal+Authentic,Authentic+Authentic,Authentic+Plagal,Plagal+Authentic,None,None,None,None,None,S+None,None+S,S+S,S+None,None+S,None,None,None,None,None,Evaded+None,None+Displaced,Displaced+None,None+None,None+None,None,None,None,None,None,C+D,D+B-flat,B-flat+D,D+D,D+G,None,None,None,None,None,T+None,None+Ct,Ct+T,T+None,None+T,None,None,None,None,None
"DC0223: La terre, l'eau, l'air, le feu et les cieulx",Plagal+Authentic,Authentic+Authentic,Authentic+Plagal,Plagal+Authentic,Authentic+Authentic,None,None,None,None,None,None+S,S+S,S+None,None+Ct,Ct+T,None,None,None,None,None,None+Incomplete,Incomplete+None,None+None,None+Displaced,Displaced+Displaced,None,None,None,None,None,F+F,F+F,F+A,A+F,F+F,None,None,None,None,None,None+None,None+T,T+None,None+B,B+B,None,None,None,None,None
DC0405: La grant doulceur de vostre cler visaige,Authentic+Authentic,Authentic+Plagal,Plagal+Plagal,Plagal+Phrygian,Phrygian+Authentic,None,None,None,None,None,S+S,S+,+None,None+Ct,Ct+S,None,None,None,None,None,None+None,None+None,None+None,None+Displaced,Displaced+None,None,None,None,None,None,B-flat+G,G+D,D+G,G+D,D+G,None,None,None,None,None,T+T,T+,+None,None+B,B+T,None,None,None,None,None
DC0704: Mon ami est en grace si parfaict,Authentic+Authentic,Authentic+Authentic,Authentic+Phrygian,None,None,None,None,None,None,None,T+S,S+S,S+Ct,None,None,None,None,None,None,None,"Displaced, Inverted, Evaded+None",None+Incomplete,Incomplete+Displaced,None,None,None,None,None,None,None,D+G,G+G,G+D,None,None,None,None,None,None,None,Ct+T,T+T,T+B,None,None,None,None,None,None,None
DC0318: Ung doulx baiser m'est bien permis de prendre,Authentic+Authentic,Authentic+Authentic,None,None,None,None,None,None,None,None,S+Ct,Ct+S,None,None,None,None,None,None,None,None,Evaded+Displaced,Displaced+None,None,None,None,None,None,None,None,None,F+C,C+F,None,None,None,None,None,None,None,None,T+T,T+T,None,None,None,None,None,None,None,None
DC0316: Comme le feu sans chaleur ne peut estre,CadInCad+Authentic,Authentic+Authentic,Authentic+Authentic,Authentic+CadInCad,CadInCad+Authentic,Authentic+Authentic,Authentic+Authentic,None,None,None,S+S,S+Ct,Ct+None,None+T,T+S,S+S,S+S,None,None,None,None+None,"None+Displaced, Incomplete, Evaded","Displaced, Incomplete, Evaded+Displaced, Incomplete","Displaced, Incomplete+Displaced, Inverted, Evaded","Displaced, Inverted, Evaded+None",None+None,None+None,None,None,None,F+F,F+F,F+F,F+F,F+F,F+F,F+F,None,None,None,T+T,T+None,None+B,B+Ct,Ct+T,T+T,T+T,None,None,None
DC0418: Si vous l'avez rendez le moy,Authentic+Authentic,Authentic+Authentic,None,None,None,None,None,None,None,None,S+S,S+S,None,None,None,None,None,None,None,None,"None+Displaced, Evaded","Displaced, Evaded+None",None,None,None,None,None,None,None,None,F+C,C+F,None,None,None,None,None,None,None,None,T+Ct,Ct+T,None,None,None,None,None,None,None,None
DC0708: Qui la vous faict tant regarder,Authentic+Authentic,Authentic+Authentic,Authentic+Phrygian,Phrygian+Authentic,Authentic+Authentic,Authentic+Phrygian,Phrygian+Phrygian,None,None,None,S+B,B+S,S+B,B+B,B+T,T+Ct,Ct+Ct,None,None,None,"None+Displaced, Inverted, Evaded","Displaced, Inverted, Evaded+None","None+Displaced, Inverted","Displaced, Inverted+Displaced, Inverted","Displaced, Inverted+Displaced, Inverted, Evaded","Displaced, Inverted, Evaded+Displaced",Displaced+Displaced,None,None,None,G+D,D+G,G+A,A+D,D+B-flat,B-flat+D,D+D,None,None,None,T+Ct,Ct+T,T+S,S+Ct,Ct+Ct,Ct+B,B+B,None,None,None
"DC0910: Mais dont vient que vous, damoyselles",Authentic+Plagal,Plagal+Authentic,Authentic+Authentic,Authentic+Authentic,Authentic+Authentic,Authentic+Phrygian,Phrygian+Plagal,None,None,None,S+None,None+S,S+S,S+S,S+T,T+B,B+None,None,None,None,None+None,None+None,None+None,None+None,None+Displaced,"Displaced+Displaced, Inverted","Displaced, Inverted+None",None,None,None,G+D,D+G,G+D,D+B-flat,B-flat+B-flat,B-flat+D,D+B-flat,None,None,None,T+None,None+T,T+T,T+T,T+B,B+Ct,Ct+None,None,None,None
"DC0319: Triste et marry, pensif, melancolique",Authentic+Authentic,Authentic+Plagal,Plagal+Phrygian,Phrygian+Authentic,Authentic+Authentic,Authentic+Authentic,Authentic+Plagal,Plagal+Plagal,None,None,B+B,B+None,None+T,T+B,B+T,T+B,B+None,None+,None,None,"Displaced, Inverted+Displaced, Inverted","Displaced, Inverted+None","None+Displaced, Inverted","Displaced, Inverted+Displaced, Inverted","Displaced, Inverted+Displaced, Inverted, Evaded","Displaced, Inverted, Evaded+Displaced, Inverted","Displaced, Inverted+None",None+None,None,None,C+C,C+F,F+A,A+C,C+C,C+C,C+A,A+A,None,None,Ct+Ct,Ct+None,None+B,B+Ct,Ct+Ct,Ct+Ct,Ct+None,None+,None,None
DC0617: Si le pouvoir de Diane a estÃ©,Authentic+Authentic,Authentic+Authentic,Authentic+Phrygian,Phrygian+Phrygian,Phrygian+Authentic,None,None,None,None,None,S+S,S+T,T+S,S+S,S+S,None,None,None,None,None,None+None,"None+Displaced, Inverted, Evaded","Displaced, Inverted, Evaded+None","None+Displaced, Inverted, Evaded","Displaced, Inverted, Evaded+None",None,None,None,None,None,G+F,F+F,F+A,A+E,E+F,None,None,None,None,None,T+T,T+Ct,Ct+T,T+B,B+T,None,None,None,None,None
DC0911: Amour du coeur vient et prend sa naissance,Authentic+Authentic,Authentic+Authentic,Authentic+Plagal,None,None,None,None,None,None,None,S+T,T+T,T+None,None,None,None,None,None,None,None,"None+Displaced, Inverted, Evaded","Displaced, Inverted, Evaded+Displaced, Inverted, Evaded","Displaced, Inverted, Evaded+None",None,None,None,None,None,None,None,G+D,D+D,D+D,None,None,None,None,None,None,None,T+Ct,Ct+Ct,Ct+None,None,None,None,None,None,None,None
"DC0407: Plaisir, prouffit, honneur, advancement",Plagal+Authentic,Authentic+Authentic,Authentic+Authentic,Authentic+Authentic,None,None,None,None,None,None,None+S,S+S,S+S,S+S,None,None,None,None,None,None,None+None,"None+Displaced, Evaded","Displaced, Evaded+None",None+None,None,None,None,None,None,None,D+G,G+B-flat,B-flat+B-flat,B-flat+G,None,None,None,None,None,None,None+T,T+Ct,Ct+T,T+T,None,None,None,None,None,None
"DC0207: Joye et santÃ©, ma demoiselle",Plagal+Authentic,Authentic+Phrygian,Phrygian+Authentic,Authentic+Plagal,Plagal+Authentic,None,None,None,None,None,None+S,S+S,S+S,S+None,None+S,None,None,None,None,None,None+None,None+Evaded,Evaded+None,None+None,None+None,None,None,None,None,None,G+D,D+D,D+G,G+D,D+B-flat,None,None,None,None,None,None+T,T+T,T+T,T+None,None+T,None,None,None,None,None
DC0515: OÃ_ cerchez-vous du dieu d'amour l'empire,Authentic+CAD NDLT,CAD NDLT+Authentic,Authentic+Authentic,Authentic+CAD NDLT,CAD NDLT+Authentic,Authentic+Authentic,Authentic+CadInCad,None,None,None,S+Ct,Ct+S,S+S,S+T,T+Ct,Ct+S,S+T,None,None,None,None+Displaced,Displaced+None,None+None,None+Displaced,Displaced+Displaced,Displaced+None,"None+Displaced, Inverted, Evaded",None,None,None,F+C,C+F,F+G,G+C,C+C,C+F,F+F,None,None,None,T+None,None+T,T+T,T+B,B+T,T+T,T+Ct,None,None,None
DC0916: Au joly bocquet croist la violette,Authentic+Authentic,Authentic+Authentic,Authentic+Plagal,Plagal+Phrygian,Phrygian+Authentic,None,None,None,None,None,S+S,S+T,T+None,None+B,B+S,None,None,None,None,None,None+None,"None+Displaced, Inverted, Evaded","Displaced, Inverted, Evaded+None","None+Displaced, Inverted","Displaced, Inverted+None",None,None,None,None,None,G+G,G+D,D+G,G+A,A+G,None,None,None,None,None,T+T,T+Ct,Ct+None,None+S,S+T,None,None,None,None,None
DC0503: Vous estes un fascheux homme,Phrygian+Authentic,Authentic+Plagal,Plagal+Authentic,Authentic+Authentic,Authentic+Authentic,Authentic+Authentic,Authentic+Plagal,Plagal+Phrygian,Phrygian+Authentic,Authentic+Plagal,T+S,S+None,None+Ct,Ct+S,S+S,S+T,T+None,None+B,B+T,T+,"Displaced, Inverted+None",None+None,"None+Inverted, Evaded, Displaced","Inverted, Evaded, Displaced+None",None+None,"None+Inverted, Displaced, Evaded","Inverted, Displaced, Evaded+None","None+Displaced, Inverted","Displaced, Inverted+Displaced",Displaced+None,D+D,D+D,D+G,G+G,G+G,G+D,D+F,F+A,A+B-flat,B-flat+G,Ct+T,T+None,None+S,S+T,T+T,T+Ct,Ct+None,None+S,S+B,B+
DC0917: Amour voyant le travail soucieux,Authentic+Authentic,Authentic+Authentic,None,None,None,None,None,None,None,None,S+S,S+T,None,None,None,None,None,None,None,None,None+None,"None+Displaced, Inverted, Evaded",None,None,None,None,None,None,None,None,G+B-flat,B-flat+D,None,None,None,None,None,None,None,None,T+T,T+Ct,None,None,None,None,None,None,None,None
DC0511: Ce disoit une jeune dame,Authentic+Phrygian,Phrygian+Authentic,Authentic+Phrygian,Phrygian+Authentic,Authentic+Authentic,Authentic+Authentic,Authentic+Phrygian,None,None,None,S+S,S+B,B+B,B+S,S+Ct,Ct+S,S+S,None,None,None,None+Displaced,"Displaced+Inverted, Displaced","Inverted, Displaced+Displaced, Inverted","Displaced, Inverted+None","None+Displaced, Inverted, Evaded","Displaced, Inverted, Evaded+None",None+Displaced,None,None,None,G+A,A+None,None+D,D+B-flat,B-flat+G,G+D,D+A,None,None,None,T+B,B+Ct,Ct+T,T+T,T+S,S+T,T+B,None,None,None
DC0924: Mon povre cueur qui sans aulcun repos,Authentic+Authentic,Authentic+Authentic,Authentic+Authentic,Authentic+CadInCad,CadInCad+Authentic,Authentic+Authentic,None,None,None,None,Ct+S,S+S,S+T,T+S,S+Ct,Ct+S,None,None,None,None,Displaced+None,None+Incomplete,"Incomplete+Displaced, Inverted, Evaded","Displaced, Inverted, Evaded+None",None+Displaced,Displaced+None,None,None,None,None,F+F,F+F,F+F,F+C,C+F,F+F,None,None,None,None,B+T,T+T,T+Ct,Ct+T,T+B,B+T,None,None,None,None
DC0313: Un jeune moine bien adroit,Authentic+Authentic,Authentic+Authentic,Authentic+Authentic,Authentic+Authentic,Authentic+Authentic,Authentic+Authentic,Authentic+Authentic,Authentic+Authentic,Authentic+Authentic,None,S+S,S+Ct,Ct+S,S+S,S+S,S+S,S+S,S+S,S+S,None,Displaced+Displaced,"Displaced+Displaced, Inverted","Displaced, Inverted+None",None+None,None+None,None+None,None+None,None+None,None+None,None,D+D,D+G,G+D,D+G,G+D,D+G,G+D,D+B-flat,B-flat+D,None,Ct+Ct,Ct+S,S+T,T+T,T+T,T+T,T+T,T+T,T+T,None
DC0108: Vive sera pour jamais n'estre morte,Plagal+Authentic,Authentic+Phrygian,Phrygian+CadInCad,None,None,None,None,None,None,None,Ct+T,T+S,S+S,None,None,None,None,None,None,None,"Displaced+Displaced, Inverted, Incomplete","Displaced, Inverted, Incomplete+None",None+None,None,None,None,None,None,None,None,D+B-flat,B-flat+A,A+D,None,None,None,None,None,None,None,B+Ct,Ct+T,T+T,None,None,None,None,None,None,None
DC0416: Passant melancolie,Authentic+Authentic,Authentic+Plagal,None,None,None,None,None,None,None,None,S+S,S+None,None,None,None,None,None,None,None,None,None+None,None+None,None,None,None,None,None,None,None,None,C+F,F+G,None,None,None,None,None,None,None,None,+T,T+None,None,None,None,None,None,None,None,None
DC0308: Faire ne puis sans dueil & desplaisir,Authentic+Phrygian,Phrygian+Authentic,Authentic+Authentic,Authentic+Phrygian,Phrygian+Authentic,Authentic+Phrygian,Phrygian+Phrygian,None,None,None,S+Ct,Ct+S,S+S,S+S,S+S,S+Ct,Ct+Ct,None,None,None,None+Displaced,Displaced+None,None+None,None+None,None+None,None+Displaced,Displaced+Displaced,None,None,None,G+D,D+G,G+B-flat,B-flat+A,A+G,G+D,D+D,None,None,None,T+B,B+T,T+T,T+T,T+T,T+B,B+B,None,None,None
DC0714: De ceans jusque chez m'amye,Authentic+Authentic,Authentic+CadInCad,CadInCad+Authentic,Authentic+Authentic,None,None,None,None,None,None,S+S,S+T,T+S,S+S,None,None,None,None,None,None,None+None,"None+Displaced, Inverted, Evaded","Displaced, Inverted, Evaded+None",None+None,None,None,None,None,None,None,D+G,G+D,D+B-flat,B-flat+G,None,None,None,None,None,None,T+T,T+Ct,Ct+T,T+T,None,None,None,None,None,None
DC0216: Allons aux champs sur la verdure,Authentic+Authentic,Authentic+Authentic,Authentic+Authentic,Authentic+Authentic,Authentic+Authentic,None,None,None,None,None,B+S,S+None,None+S,S+B,B+S,None,None,None,None,None,"Displaced, Inverted+Incomplete","Incomplete+Displaced, Incomplete","Displaced, Incomplete+None","None+Displaced, Inverted","Displaced, Inverted+None",None,None,None,None,None,F+F,F+F,F+C,C+C,C+F,None,None,None,None,None,Ct+None,None+B,B+T,T+Ct,Ct+T,None,None,None,None,None
DC0420: Robin vouloit sa femme battre,Authentic+Phrygian,Phrygian+Plagal,Plagal+Authentic,None,None,None,None,None,None,None,S+S,S+,+S,None,None,None,None,None,None,None,None+None,None+None,None+None,None,None,None,None,None,None,None,G+E,E+G,G+G,None,None,None,None,None,None,None,T+T,T+,+T,None,None,None,None,None,None,None
DC0210: Or my doint Dieu bonne adventure,Authentic+CadInCad,CadInCad+Phrygian,Phrygian+Authentic,None,None,None,None,None,None,None,S+S,S+,+S,None,None,None,None,None,None,None,None+None,"None+Displaced, Incomplete","Displaced, Incomplete+None",None,None,None,None,None,None,None,A+C,C+E,E+A,None,None,None,None,None,None,None,T+T,T+B,B+T,None,None,None,None,None,None,None
DC0904: Si je cuidois (pour gemir et complaindre),CadInCad+Authentic,Authentic+Authentic,Authentic+Authentic,Authentic+Phrygian,Phrygian+Authentic,None,None,None,None,None,T+S,S+S,S+S,S+Ct,Ct+S,None,None,None,None,None,"Displaced, Inverted, Incomplete, Evaded+None",None+None,None+None,None+Displaced,Displaced+None,None,None,None,None,None,D+G,G+D,D+B-flat,B-flat+D,D+G,None,None,None,None,None,B+T,T+T,T+T,T+B,B+T,None,None,None,None,None
DC0906: A ce matin d'un beau bouquet de rose,Authentic+Authentic,Authentic+Plagal,Plagal+Authentic,Authentic+Authentic,Authentic+Authentic,None,None,None,None,None,T+S,S+,+S,S+S,S+T,None,None,None,None,None,Displaced+None,None+None,None+None,None+None,"None+Displaced, Inverted, Evaded",None,None,None,None,None,D+G,G+A,A+B-flat,B-flat+D,D+D,None,None,None,None,None,B+T,T+,+T,T+T,T+Ct,None,None,None,None,None
DC0608: Qui veult sÃ§avoyr quelle est m'amye,Authentic+Authentic,Authentic+Plagal,Plagal+Authentic,None,None,None,None,None,None,None,S+S,S+None,None+S,None,None,None,None,None,None,None,None+None,None+None,None+None,None,None,None,None,None,None,None,G+D,D+D,D+G,None,None,None,None,None,None,None,T+T,T+None,None+T,None,None,None,None,None,None,None
DC0522: Qui diable nous a faict ces jours,Authentic+Plagal,Plagal+Plagal,Plagal+Plagal,Plagal+Phrygian,Phrygian+Authentic,Authentic+Authentic,Authentic+Authentic,Authentic+Plagal,None,None,S+None,None+None,None+None,None+Ct,Ct+S,S+T,T+T,T+,None,None,None+None,None+None,None+None,None+None,"None+Displaced, Evaded","Displaced, Evaded+Displaced, Inverted, Evaded","Displaced, Inverted, Evaded+Displaced, Inverted, Evaded","Displaced, Inverted, Evaded+None",None,None,G+C,C+D,D+C,C+E,E+C,C+C,C+C,C+E,None,None,T+None,None+None,None+None,None+B,B+T,T+Ct,Ct+Ct,Ct+,None,None
DC0213: Cupido pour ses appetitz vers des mouches alla,Authentic+Authentic,Authentic+Authentic,Authentic+Authentic,Authentic+Plagal,Plagal+Plagal,Plagal+Authentic,Authentic+Authentic,None,None,None,B+S,S+Ct,Ct+S,S+Ct,Ct+None,None+B,B+S,None,None,None,"Displaced, Inverted+None","None+Displaced, Doubtful","Displaced, Doubtful+None",None+None,None+None,"None+Displaced, Inverted","Displaced, Inverted+None",None,None,None,G+A,A+G,G+C,C+A,A+E,E+G,G+A,None,None,None,T+T,T+B,B+T,T+B,B+None,None+S,S+T,None,None,None
DC0729: Pourquoy fais-tu Ã  aultre chere,CadInCad+Authentic,Authentic+Authentic,Authentic+CadInCad,CadInCad+CadInCad,CadInCad+Authentic,None,None,None,None,None,S+S,S+S,S+S,S+S,S+S,None,None,None,None,None,None+None,None+None,None+Incomplete,Incomplete+None,None+None,None,None,None,None,None,C+G,G+A,A+C,C+C,C+G,None,None,None,None,None,T+T,T+T,T+T,T+T,T+T,None,None,None,None,None
DC0925: C'est a grand tort qu'on dict que le penser,Authentic+Authentic,Authentic+Authentic,Authentic+Plagal,Plagal+Authentic,Authentic+Authentic,None,None,None,None,None,Ct+S,S+Ct,Ct+None,None+T,T+S,None,None,None,None,None,Displaced+None,"None+Displaced, Inverted, Evaded","Displaced, Inverted, Evaded+None","None+Displaced, Inverted","Displaced, Inverted+None",None,None,None,None,None,F+F,F+F,F+C,C+C,C+F,None,None,None,None,None,B+T,T+S,S+None,None+Ct,Ct+T,None,None,None,None,None
DC0124: Je sens l'affection/ Qui Ã  moy se vient rendre,Authentic+Authentic,Authentic+Authentic,Authentic+Authentic,Authentic+Authentic,None,None,None,None,None,None,S+S,S+S,S+Ct,Ct+S,None,None,None,None,None,None,None+None,None+None,"None+Displaced, Incomplete","Displaced, Incomplete+None",None,None,None,None,None,None,G+A,A+G,G+G,G+G,None,None,None,None,None,None,T+T,T+T,T+B,B+T,None,None,None,None,None,None
DC0122: Amour et mort par trop grand avantage,Phrygian+CAD NDLT,CAD NDLT+Authentic,Authentic+Plagal,Plagal+Authentic,Authentic+Plagal,Plagal+Authentic,Authentic+Authentic,Authentic+Authentic,Authentic+Authentic,None,S+Ct,Ct+S,S+,+S,S+None,None+Ct,Ct+S,S+S,S+Ct,None,None+Displaced,Displaced+None,None+None,None+None,None+None,None+Displaced,"Displaced+Displaced, Evaded","Displaced, Evaded+None","None+Displaced, Evaded",None,A+C,C+F,F+C,C+F,F+A,A+F,F+C,C+F,F+G,None,T+B,B+T,T+,+T,T+None,None+T,T+Ct,Ct+T,T+T,None
DC0120: Si je me plains ce n'est sans apparence,Authentic+Phrygian,Phrygian+Authentic,Authentic+Authentic,None,None,None,None,None,None,None,S+S,S+T,T+S,None,None,None,None,None,None,None,None+None,"None+Displaced, Inverted","Displaced, Inverted+None",None,None,None,None,None,None,None,F+A,A+C,C+F,None,None,None,None,None,None,None,T+T,T+Ct,Ct+T,None,None,None,None,None,None,None
DC0225: Un forgeron aussi vieulx que le temps,Authentic+Authentic,Authentic+Authentic,Authentic+Authentic,Authentic+Authentic,Authentic+Authentic,Authentic+Authentic,Authentic+Authentic,None,None,None,S+S,S+S,S+Ct,Ct+S,S+Ct,Ct+S,S+T,None,None,None,None+None,None+None,None+Displaced,Displaced+None,"None+Displaced, Evaded","Displaced, Evaded+Displaced, Incomplete","Displaced, Incomplete+Displaced, Incomplete",None,None,None,G+C,C+G,G+G,G+C,C+G,G+G,G+C,None,None,None,T+T,T+T,T+B,B+T,T+B,B+None,None+None,None,None,None
DC0726: Robin couchÃ© Ã  mesme terre,Authentic+Authentic,Authentic+Authentic,Authentic+Plagal,Plagal+Authentic,None,None,None,None,None,None,S+S,S+S,S+None,None+Ct,None,None,None,None,None,None,None+None,None+None,None+None,None+Displaced,None,None,None,None,None,None,C+F,F+C,C+C,C+C,None,None,None,None,None,None,T+T,T+T,T+None,None+T,None,None,None,None,None,None
DC0712: Si je cognois que l'on ayme m'amye,Phrygian+Phrygian,Phrygian+Authentic,Authentic+Authentic,Authentic+Phrygian,Phrygian+Authentic,None,None,None,None,None,Ct+S,S+S,S+S,S+T,T+S,None,None,None,None,None,Displaced+None,None+None,None+Displaced,Displaced+Displaced,Displaced+None,None,None,None,None,None,D+A,A+D,D+D,D+D,D+G,None,None,None,None,None,B+T,T+T,T+Ct,Ct+B,B+T,None,None,None,None,None
DC0307: Du jeu d'aymer Martin fort curieux,Authentic+Authentic,Authentic+Plagal,Plagal+Authentic,Authentic+Plagal,Plagal+Phrygian,Phrygian+Authentic,Authentic+Authentic,None,None,None,S+S,S+None,None+S,S+None,None+Ct,Ct+S,S+T,None,None,None,"None+Displaced, Evaded","Displaced, Evaded+None",None+Incomplete,Incomplete+None,None+Displaced,Displaced+Displaced,"Displaced+Inverted, Evaded",None,None,None,G+B-flat,B-flat+D,D+G,G+D,D+D,D+B-flat,B-flat+G,None,None,None,T+Ct,Ct+None,None+T,T+None,None+B,B+Ct,Ct+S,None,None,None
DC0504: Quand j'ay estÃ© quinze heures avec vous,Authentic+Authentic,Authentic+Authentic,Authentic+Plagal,None,None,None,None,None,None,None,Ct+S,S+B,B+,None,None,None,None,None,None,None,"Displaced, Evaded+None","None+Displaced, Inverted","Displaced, Inverted+None",None,None,None,None,None,None,None,G+B-flat,B-flat+D,D+G,None,None,None,None,None,None,None,B+T,T+T,T+,None,None,None,None,None,None,None
DC0219: Si pour t'avoir tant loyaument aymÃ©e,Authentic+Authentic,Authentic+Plagal,Plagal+Phrygian,Phrygian+Authentic,None,None,None,None,None,None,S+S,S+None,None+B,B+S,None,None,None,None,None,None,Incomplete+None,None+None,"None+Displaced, Inverted, Doubtful","Displaced, Inverted, Doubtful+None",None,None,None,None,None,None,C+F,F+F,F+D,D+F,None,None,None,None,None,None,None+T,T+None,None+Ct,Ct+T,None,None,None,None,None,None
DC0605: Quand tant me mectz devant mes yeulx,Plagal+Authentic,Authentic+Phrygian,Phrygian+Authentic,None,None,None,None,None,None,None,None+S,S+B,B+S,None,None,None,None,None,None,None,None+None,"None+Displaced, Inverted","Displaced, Inverted+None",None,None,None,None,None,None,None,D+G,G+D,D+G,None,None,None,None,None,None,None,None+T,T+Ct,Ct+T,None,None,None,None,None,None,None
DC0618: Pour avoir fille en mariage,Authentic+Authentic,Authentic+Plagal,Plagal+Plagal,Plagal+Plagal,Plagal+Authentic,None,None,None,None,None,S+S,S+None,None+None,None+None,None+S,None,None,None,None,None,None+None,None+None,None+None,None+None,None+None,None,None,None,None,None,F+F,F+A,A+D,D+D,D+F,None,None,None,None,None,T+T,T+None,None+None,None+None,None+T,None,None,None,None,None
DC0211: Ho le meschant qui a ployÃ©,Plagal+Authentic,Authentic+Plagal,Plagal+Plagal,Plagal+Authentic,None,None,None,None,None,None,None+None,None+None,None+None,None+S,None,None,None,None,None,None,None+Incomplete,Incomplete+None,None+None,None+None,None,None,None,None,None,None,A+F,F+F,F+F,F+F,None,None,None,None,None,None,None+None,None+None,None+None,None+T,None,None,None,None,None,None
DC0921: Ayant servy soubs faveur de l'attente,Authentic+Authentic,Authentic+Authentic,None,None,None,None,None,None,None,None,S+T,T+S,None,None,None,None,None,None,None,None,"None+Displaced, Inverted, Evaded","Displaced, Inverted, Evaded+None",None,None,None,None,None,None,None,None,C+C,C+G,None,None,None,None,None,None,None,None,T+Ct,Ct+T,None,None,None,None,None,None,None,None
DC0601: Quand contremont voirras retourner loyre,Plagal+Authentic,Authentic+Phrygian,Phrygian+Authentic,None,None,None,None,None,None,None,None+S,S+S,S+S,None,None,None,None,None,None,None,None+None,None+None,None+None,None,None,None,None,None,None,None,E+A,A+E,E+D,None,None,None,None,None,None,None,None+T,T+T,T+T,None,None,None,None,None,None,None
DC0206: Ma mÃ¨re veult que je file,Authentic+Authentic,Authentic+Authentic,Authentic+Authentic,Authentic+Authentic,Authentic+Authentic,None,None,None,None,None,S+S,S+S,S+T,T+S,S+S,None,None,None,None,None,None+None,None+None,"None+Displaced, Inverted, Evaded","Displaced, Inverted, Evaded+None",None+None,None,None,None,None,None,G+G,G+B-flat,B-flat+D,D+D,D+G,None,None,None,None,None,T+T,T+T,T+Ct,Ct+T,T+T,None,None,None,None,None
DC0209: Dire me fault par desespoir contrainct,CadInCad+Authentic,Authentic+Authentic,Authentic+Authentic,None,None,None,None,None,None,None,S+S,S+Ct,Ct+S,None,None,None,None,None,None,None,None+Displaced,Displaced+Displaced,Displaced+None,None,None,None,None,None,None,None,A+A,A+C,C+A,None,None,None,None,None,None,None,T+Ct,Ct+T,T+T,None,None,None,None,None,None,None
DC0117: Qu'est-ce que fait celui qui se marie,Authentic+Authentic,Authentic+Authentic,Authentic+Plagal,Plagal+Authentic,Authentic+Plagal,None,None,None,None,None,S+S,S+S,S+None,None+S,S+None,None,None,None,None,None,None+None,None+None,None+None,None+Incomplete,Incomplete+None,None,None,None,None,None,A+A,A+A,A+G,G+A,A+A,None,None,None,None,None,T+T,T+T,T+None,None+T,T+None,None,None,None,None,None
DC0721: J'ay baisÃ© m'amye Ã  mon aise,Authentic+Authentic,Authentic+Phrygian,Phrygian+Authentic,None,None,None,None,None,None,None,T+S,S+S,S+S,None,None,None,None,None,None,None,"Displaced, Inverted, Evaded+None",None+None,None+None,None,None,None,None,None,None,None,C+F,F+A,A+C,None,None,None,None,None,None,None,Ct+T,T+T,T+T,None,None,None,None,None,None,None
"DC0113: Helas mon cÅ“ur (mon Å“il), n'as tu pas trop grand tort",CadInCad+Authentic,Authentic+Authentic,Authentic+Authentic,Authentic+Authentic,Authentic+Authentic,Authentic+Authentic,Authentic+Authentic,None,None,None,T+S,S+S,S+Ct,Ct+S,S+Ct,Ct+T,T+S,None,None,None,"Displaced, Incomplete, Inverted+None",None+Displaced,Displaced+None,None+None,"None+Displaced, Inverted, Evaded","Displaced, Inverted, Evaded+Displaced, Incomplete, Inverted","Displaced, Incomplete, Inverted+None",None,None,None,F+D,D+A,A+A,A+F,F+A,A+D,D+D,None,None,None,Ct+T,T+Ct,Ct+B,B+T,T+S,S+Ct,Ct+T,None,None,None
DC0114: Trop justement je forme une complainte,Authentic+Authentic,Authentic+Authentic,Authentic+Authentic,Authentic+Phrygian,Phrygian+Authentic,Authentic+Authentic,Authentic+Authentic,None,None,None,S+S,S+S,S+T,T+Ct,Ct+S,S+T,T+S,None,None,None,None+None,None+None,None+Displaced,Displaced+None,None+None,"None+Displaced, Incomplete, Inverted","Displaced, Incomplete, Inverted+Displaced, Evaded",None,None,None,A+C,C+A,A+C,C+E,E+A,A+C,C+None,None,None,None,T+T,T+T,T+B,B+B,B+T,T+Ct,Ct+Ct,None,None,None
DC0513: Je ne veulx plus de mon malheur me plaindre,Authentic+Authentic,Authentic+Authentic,Authentic+Authentic,Authentic+Authentic,Authentic+Phrygian,None,None,None,None,None,T+S,S+S,S+S,S+T,T+Ct,None,None,None,None,None,"Displaced, Inverted, Evaded+None",None+None,None+None,"None+Displaced, Inverted, Evaded","Displaced, Inverted, Evaded+Displaced",None,None,None,None,None,C+A,A+C,C+A,A+C,C+E,None,None,None,None,None,Ct+T,T+T,T+T,T+Ct,Ct+B,None,None,None,None,None
DC0306: Elle disoit : faictes tout bellement,Authentic+Authentic,Authentic+Authentic,Authentic+Authentic,Authentic+Plagal,Plagal+Authentic,None,None,None,None,None,B+S,S+T,T+S,S+None,None+S,None,None,None,None,None,"Displaced, Inverted+None","None+Displaced, Incomplete","Displaced, Incomplete+None",None+None,None+None,None,None,None,None,None,D+G,G+B-flat,B-flat+D,D+D,D+G,None,None,None,None,None,Ct+T,T+None,None+T,T+None,None+T,None,None,None,None,None
DC0915: Chasse rigueur loing de toy qui es belle,Authentic+Phrygian,Phrygian+Phrygian,Phrygian+Authentic,Authentic+Authentic,Authentic+Authentic,Authentic+Authentic,None,None,None,None,S+Ct,Ct+S,S+S,S+Ct,Ct+T,T+T,None,None,None,None,None+Displaced,Displaced+None,None+None,None+Displaced,"Displaced+Displaced, Inverted","Displaced, Inverted+Displaced, Inverted, Evaded",None,None,None,None,F+A,A+A,A+C,C+C,C+C,C+C,None,None,None,None,T+B,B+T,T+T,T+T,T+Ct,Ct+Ct,None,None,None,None
DC0719: Je me veulx tant a son vouloir offrir,Plagal+Authentic,Authentic+Authentic,Authentic+Authentic,None,None,None,None,None,None,None,None+S,S+S,S+S,None,None,None,None,None,None,None,None+None,None+None,None+None,None,None,None,None,None,None,None,D+G,G+B-flat,B-flat+G,None,None,None,None,None,None,None,None+T,T+T,T+T,None,None,None,None,None,None,None
DC0410: Si pour amans la lune est importune,Authentic+Authentic,Authentic+Authentic,Authentic+Plagal,None,None,None,None,None,None,None,S+S,S+S,S+None,None,None,None,None,None,None,None,None+None,None+Displaced,Displaced+None,None,None,None,None,None,None,None,C+C,C+G,G+C,None,None,None,None,None,None,None,T+T,T+B,B+None,None,None,None,None,None,None,None
DC0612: Puisque voulez que de vous je m'absente,Authentic+Authentic,Authentic+Phrygian,Phrygian+Plagal,Plagal+Authentic,Authentic+Phrygian,Phrygian+Authentic,Authentic+Authentic,None,None,None,S+S,S+Ct,Ct+None,None+S,S+S,S+T,T+S,None,None,None,None+None,None+Displaced,Displaced+None,None+None,None+None,"None+Displaced, Inverted, Evaded","Displaced, Inverted, Evaded+None",None,None,None,G+G,G+D,D+D,D+B-flat,B-flat+A,A+D,D+G,None,None,None,T+T,T+B,B+None,None+T,T+T,T+Ct,Ct+T,None,None,None
DC0706: Si me voyez face triste et dolente,Plagal+Authentic,Authentic+Authentic,Authentic+Phrygian,Phrygian+Authentic,Authentic+Authentic,None,None,None,None,None,None+S,S+T,T+S,S+Ct,Ct+S,None,None,None,None,None,None+None,None+Displaced,Displaced+Evaded,"Evaded+Displaced, Evaded","Displaced, Evaded+None",None,None,None,None,None,B-flat+G,G+B-flat,B-flat+A,A+D,D+G,None,None,None,None,None,None+T,T+B,B+T,T+T,T+T,None,None,None,None,None
DC0602: Elle voyant approcher mon dÃ©part ,Plagal+Authentic,Authentic+Authentic,Authentic+Authentic,None,None,None,None,None,None,None,None+S,S+S,S+S,None,None,None,None,None,None,None,None+None,None+None,None+None,None,None,None,None,None,None,None,A+D,D+F,F+D,None,None,None,None,None,None,None,None+T,T+T,T+T,None,None,None,None,None,None,None
DC0301: Maistre Lubin de sang rassis,Phrygian+Authentic,Authentic+Authentic,Authentic+Authentic,Authentic+Authentic,Authentic+Authentic,Authentic+Authentic,None,None,None,None,B+Ct,Ct+S,S+S,S+S,S+S,S+S,None,None,None,None,"Displaced, Inverted+Displaced",Displaced+None,"None+Displaced, Evaded","Displaced, Evaded+None",None+None,None+None,None,None,None,None,A+C,C+D,D+D,D+D,D+A,A+D,None,None,None,None,S+B,B+T,T+Ct,Ct+T,T+T,T+T,None,None,None,None
DC0404: A tout jamais d'un vouloir immortel,Authentic+Authentic,Authentic+Authentic,Authentic+Authentic,Authentic+Authentic,Authentic+Plagal,None,None,None,None,None,S+S,S+S,S+S,S+S,S+,None,None,None,None,None,None+None,None+Evaded,Evaded+None,None+None,None+None,None,None,None,None,None,D+G,G+F,F+G,G+D,D+D,None,None,None,None,None,T+T,T+T,T+T,T+T,T+,None,None,None,None,None
DC0722: Si la roze croist sans l'espine,Authentic+Authentic,Authentic+Authentic,Authentic+Plagal,Plagal+Authentic,Authentic+Authentic,Authentic+Authentic,None,None,None,None,T+S,S+T,T+None,None+S,S+B,B+S,None,None,None,None,"Displaced, Inverted, Evaded+None","None+Displaced, Inverted, Evaded","Displaced, Inverted, Evaded+None",None+Displaced,"Displaced+Displaced, Inverted, Evaded","Displaced, Inverted, Evaded+None",None,None,None,None,C+F,F+F,F+C,C+C,C+C,C+F,None,None,None,None,Ct+T,T+Ct,Ct+None,None+Ct,Ct+Ct,Ct+T,None,None,None,None
DC0203: Un gros prieur son petit filz baisoit,Authentic+Authentic,Authentic+Authentic,Authentic+Authentic,Authentic+Authentic,Authentic+Authentic,Authentic+Phrygian,Phrygian+Plagal,Plagal+Phrygian,Phrygian+Authentic,None,S+S,S+S,S+S,S+S,S+S,S+Ct,Ct+None,None+Ct,Ct+B,None,None+None,None+None,None+None,None+None,"None+Displaced, Evaded","Displaced, Evaded+Displaced",Displaced+None,"None+Displaced, Evaded","Displaced, Evaded+Displaced, Inverted",None,G+B-flat,B-flat+G,G+B-flat,B-flat+G,G+B-flat,B-flat+E,E+A,A+D,D+D,None,T+T,T+T,T+T,T+T,T+B,B+B,B+None,None+B,B+S,None
DC0501: C'est a moy qu'en veult ce coqu,Plagal+Authentic,Authentic+Authentic,Authentic+Plagal,Plagal+Plagal,Plagal+Authentic,None,None,None,None,None,+T,T+Ct,Ct+,+None,None+S,None,None,None,None,None,"None+Displaced, Inverted, Evaded","Displaced, Inverted, Evaded+Inverted, Displaced","Inverted, Displaced+None",None+None,None+None,None,None,None,None,None,D+D,D+G,G+G,G+A,A+D,None,None,None,None,None,+Ct,Ct+B,B+,+None,None+T,None,None,None,None,None
DC0303: Si mon grand mal ne peult finir,Authentic+Authentic,Authentic+Authentic,Authentic+Authentic,Authentic+Authentic,Authentic+Authentic,None,None,None,None,None,S+S,S+S,S+S,S+T,T+S,None,None,None,None,None,None+None,None+None,None+None,None+Inverted,Inverted+None,None,None,None,None,None,F+D,D+A,A+F,F+D,D+D,None,None,None,None,None,T+T,T+T,T+T,T+S,S+T,None,None,None,None,None
DC0703: Un bon vieillard qui n'avoit que le bec,Authentic+Authentic,Authentic+Authentic,Authentic+Phrygian,Phrygian+Authentic,Authentic+Authentic,Authentic+Authentic,Authentic+Authentic,None,None,None,S+Ct,Ct+S,S+S,S+Ct,Ct+S,S+S,S+S,None,None,None,None+Displaced,Displaced+None,None+None,None+Displaced,Displaced+None,None+None,None+None,None,None,None,G+D,D+G,G+A,A+D,D+B-flat,B-flat+D,D+B-flat,None,None,None,T+B,B+T,T+T,T+B,B+T,T+T,T+T,None,None,None
DC0205: Un fin mary voyant sa chambriere,Plagal+Authentic,Authentic+Authentic,Authentic+Authentic,Authentic+Authentic,Authentic+Authentic,Authentic+Authentic,Authentic+Authentic,None,None,None,None+S,S+S,S+S,S+T,T+S,S+B,B+S,None,None,None,None+None,None+None,None+None,"None+Displaced, Inverted","Displaced, Inverted+Displaced, Evaded","Displaced, Evaded+Displaced, Inverted","Displaced, Inverted+None",None,None,None,D+G,G+B-flat,B-flat+D,D+D,D+D,D+D,D+G,None,None,None,None+T,T+T,T+T,T+Ct,Ct+Ct,Ct+Ct,Ct+T,None,None,None
DC0204: Si la beaultÃ© doit perir en peu d'heure,Authentic+Authentic,Authentic+Authentic,Authentic+Authentic,None,None,None,None,None,None,None,S+T,T+S,S+S,None,None,None,None,None,None,None,"None+Displaced, Incomplete","Displaced, Incomplete+None",None+None,None,None,None,None,None,None,None,G+D,D+B-flat,B-flat+G,None,None,None,None,None,None,None,T+B,B+T,T+T,None,None,None,None,None,None,None
"DC0927: Rien plus ne quiers, ma dame me contente",Authentic+Authentic,Authentic+Authentic,Authentic+Authentic,Authentic+Authentic,None,None,None,None,None,None,S+S,S+S,S+Ct,Ct+S,None,None,None,None,None,None,None+None,None+None,None+Displaced,Displaced+None,None,None,None,None,None,None,G+G,G+C,C+C,C+G,None,None,None,None,None,None,T+T,T+T,T+B,B+T,None,None,None,None,None,None
DC0123: Puisque fortune mal apprinse,Phrygian+Authentic,Authentic+Authentic,Authentic+CAD NDLT,CAD NDLT+Authentic,None,None,None,None,None,None,S+S,S+S,S+Ct,Ct+S,None,None,None,None,None,None,Displaced+None,None+None,None+None,None+None,None,None,None,None,None,None,A+F,F+C,C+F,F+F,None,None,None,None,None,None,B+T,T+T,T+B,B+T,None,None,None,None,None,None
DC0310: Celer ne puis ny dire le tourment,Phrygian+Authentic,Authentic+Authentic,Authentic+Authentic,Authentic+CadInCad,CadInCad+Authentic,None,None,None,None,None,T+S,S+S,S+S,S+T,T+S,None,None,None,None,None,Displaced+None,None+None,None+None,"None+Displaced, Inverted, Evaded","Displaced, Inverted, Evaded+None",None,None,None,None,None,D+G,G+B-flat,B-flat+D,D+D,D+G,None,None,None,None,None,B+T,T+T,T+T,T+Ct,Ct+T,None,None,None,None,None
DC0611: Sur l'aubÃ©pin qui est en fleur,Authentic+Phrygian,Phrygian+Plagal,Plagal+Plagal,Plagal+Authentic,None,None,None,None,None,None,S+Ct,Ct+None,None+None,None+S,None,None,None,None,None,None,None+Displaced,Displaced+None,None+None,None+None,None,None,None,None,None,None,D+D,D+C,C+C,C+D,None,None,None,None,None,None,T+B,B+None,None+None,None+T,None,None,None,None,None,None
DC0212: Au feu d'amour qui ne se peult estaindre,Authentic+Authentic,Authentic+Authentic,Authentic+Authentic,None,None,None,None,None,None,None,T+S,S+S,S+Ct,None,None,None,None,None,None,None,Displaced+None,None+None,None+Displaced,None,None,None,None,None,None,None,F+F,F+G,G+C,None,None,None,None,None,None,None,B+T,T+T,T+B,None,None,None,None,None,None,None
"DC0116: Maistre Ambrelin, confesseur de nonettes",Authentic+Plagal,Plagal+Plagal,Plagal+Phrygian,Phrygian+CadInCad,CadInCad+Plagal,Plagal+Phrygian,Phrygian+Authentic,None,None,None,S+None,None+None,None+B,B+T,T+None,None+B,B+S,None,None,None,None+None,None+None,"None+Displaced, Inverted","Displaced, Inverted+Displaced, Incomplete","Displaced, Incomplete+None","None+Displaced, Inverted","Displaced, Inverted+Displaced, Evaded",None,None,None,A+A,A+E,E+E,E+G,G+E,E+E,E+C,None,None,None,T+None,None+None,None+S,S+Ct,Ct+None,None+Ct,Ct+Ct,None,None,None
DC0609: Je ne suis devin ne prophÃ¨te,Authentic+Plagal,Plagal+Authentic,Authentic+Authentic,Authentic+Authentic,Authentic+Plagal,Plagal+Authentic,None,None,None,None,S+None,None+S,S+S,S+S,S+None,None+S,None,None,None,None,None+None,None+None,None+None,None+Evaded,Evaded+None,None+None,None,None,None,None,G+D,D+G,G+D,D+B-flat,B-flat+G,G+G,None,None,None,None,T+None,None+T,T+T,T+T,T+None,None+T,None,None,None,None
"DC0507: Long temps y a, innocente pucelle",Authentic+Authentic,Authentic+Authentic,Authentic+Plagal,Plagal+Authentic,Authentic+Authentic,None,None,None,None,None,S+S,S+S,S+,+S,S+S,None,None,None,None,None,None+None,None+None,None+None,None+None,None+None,None,None,None,None,None,D+G,G+B-flat,B-flat+D,D+D,D+G,None,None,None,None,None,T+T,T+T,T+,+T,T+T,None,None,None,None,None
DC0727: Quand tant me mectz devant mes yeulx,Authentic+Authentic,Authentic+Authentic,Authentic+Phrygian,Phrygian+Phrygian,Phrygian+Authentic,Authentic+Authentic,None,None,None,None,Ct+T,T+Ct,Ct+T,T+Ct,Ct+T,T+S,None,None,None,None,Displaced+Displaced,Displaced+Displaced,Displaced+Inverted,Inverted+Displaced,"Displaced+Displaced, Inverted, Evaded","Displaced, Inverted, Evaded+None",None,None,None,None,C+F,F+F,F+A,A+A,A+C,C+F,None,None,None,None,B+B,B+B,B+S,S+B,B+Ct,Ct+T,None,None,None,None
DC0728: Malade si fut ma mignonne,Authentic+Authentic,Authentic+Authentic,Authentic+Authentic,Authentic+Authentic,Authentic+Authentic,None,None,None,None,None,S+S,S+Ct,Ct+T,T+S,S+S,None,None,None,None,None,None+None,"None+Displaced, Evaded","Displaced, Evaded+Displaced, Inverted, Incomplete","Displaced, Inverted, Incomplete+Displaced",Displaced+None,None,None,None,None,None,G+G,G+G,G+D,D+D,D+G,None,None,None,None,None,T+T,T+T,T+Ct,Ct+Ct,Ct+T,None,None,None,None,None
DC0512: Quand je voy ma mignonne rire,Authentic+Plagal,Plagal+Authentic,Authentic+Authentic,Authentic+Authentic,Authentic+Authentic,Authentic+Authentic,None,None,None,None,S+,+B,B+B,B+Ct,Ct+S,S+S,None,None,None,None,Evaded+None,"None+Displaced, Inverted","Displaced, Inverted+Displaced, Inverted","Displaced, Inverted+Displaced, Evaded","Displaced, Evaded+Evaded",Evaded+None,None,None,None,None,D+G,G+D,D+D,D+E,E+D,D+G,None,None,None,None,T+,+T,T+Ct,Ct+T,T+T,T+T,None,None,None,None
DC0302: Sans avoir faict nul desplaisir,Authentic+Authentic,Authentic+Authentic,Authentic+Authentic,Authentic+Phrygian,Phrygian+Authentic,Authentic+Authentic,None,None,None,None,S+T,T+T,T+S,S+S,S+S,S+S,None,None,None,None,None+Displaced,"Displaced+Displaced, Inverted","Displaced, Inverted+None",None+None,None+None,None+None,None,None,None,None,A+A,A+D,D+F,F+E,E+A,A+D,None,None,None,None,T+B,B+Ct,Ct+T,T+T,T+T,T+T,None,None,None,None
DC0315: Plus je la voy de beaucoup estimÃ©e,Authentic+Authentic,Authentic+Phrygian,None,None,None,None,None,None,None,None,S+S,S+S,None,None,None,None,None,None,None,None,None+None,None+None,None,None,None,None,None,None,None,None,G+B-flat,B-flat+A,None,None,None,None,None,None,None,None,T+T,T+T,None,None,None,None,None,None,None,None
DC0111: L'autre jour jouer m'aloye/ Parmi ces champs ,CAD NDLT+Plagal,Plagal+Plagal,Plagal+Authentic,Authentic+Authentic,None,None,None,None,None,None,Ct+None,None+None,None+Ct,Ct+S,None,None,None,None,None,None,Displaced+None,None+None,"None+Displaced, Evaded","Displaced, Evaded+None",None,None,None,None,None,None,C+G,G+C,C+D,D+G,None,None,None,None,None,None,B+None,None+None,None+S,S+T,None,None,None,None,None,None
"DC0713: Las, si tu veulx en aultre part aymer",Authentic+Authentic,Authentic+Phrygian,Phrygian+Authentic,Authentic+Phrygian,Phrygian+Authentic,None,None,None,None,None,S+S,S+B,B+S,S+Ct,Ct+S,None,None,None,None,None,None+None,"None+Displaced, Inverted","Displaced, Inverted+None",None+Displaced,Displaced+None,None,None,None,None,None,B-flat+G,G+D,D+B-flat,B-flat+D,D+G,None,None,None,None,None,T+T,T+Ct,Ct+T,T+B,B+T,None,None,None,None,None
"DC0716: En ce verd moys, temps opportun",Plagal+Authentic,Authentic+Authentic,Authentic+Authentic,Authentic+Plagal,Plagal+Phrygian,Phrygian+Authentic,None,None,None,None,None+S,S+S,S+T,T+None,None+B,B+S,None,None,None,None,None+None,None+None,"None+Displaced, Inverted","Displaced, Inverted+None","None+Displaced, Inverted","Displaced, Inverted+None",None,None,None,None,D+D,D+B-flat,B-flat+D,D+D,D+A,A+G,None,None,None,None,None+T,T+T,T+Ct,Ct+None,None+S,S+T,None,None,None,None
DC0412: Un galland le fit et refit,Authentic+Authentic,Authentic+Authentic,Authentic+Authentic,Authentic+Plagal,Plagal+Authentic,Authentic+Authentic,None,None,None,None,S+S,S+S,S+S,S+None,None+S,S+Ct,None,None,None,None,Evaded+Incomplete,Incomplete+None,None+None,None+None,"None+Displaced, Incomplete, Evaded","Displaced, Incomplete, Evaded+Inverted, Incomplete, Evaded, Displaced",None,None,None,None,C+C,C+G,G+C,C+G,G+C,C+G,None,None,None,None,T+T,T+T,T+T,T+None,None+Ct,Ct+S,None,None,None,None
DC0409: Jamais amour n'aura ceste puissance,Authentic+Authentic,Authentic+Plagal,Plagal+Authentic,None,None,None,None,None,None,None,S+S,S+,+Ct,None,None,None,None,None,None,None,None+None,None+None,"None+Displaced, Inverted",None,None,None,None,None,None,None,B-flat+G,G+D,D+D,None,None,None,None,None,None,None,T+T,T+,+S,None,None,None,None,None,None,None
DC0723: Avant que partiez de ce lieu,Authentic+Plagal,Plagal+Authentic,Authentic+Phrygian,Phrygian+Authentic,Authentic+Authentic,None,None,None,None,None,T+None,None+T,T+S,S+T,T+S,None,None,None,None,None,Displaced+None,None+Incomplete,Incomplete+None,None+Inverted,Inverted+None,None,None,None,None,None,F+A,A+C,C+A,A+C,C+F,None,None,None,None,None,B+None,None+S,S+T,T+S,S+T,None,None,None,None,None
DC0610: Un bon vieillard qui n'avoit que le bec,Authentic+Authentic,Authentic+Authentic,Authentic+Plagal,Plagal+Plagal,None,None,None,None,None,None,S+S,S+S,S+None,None+None,None,None,None,None,None,None,None+None,None+None,None+Displaced,Displaced+None,None,None,None,None,None,None,G+G,G+D,D+B-flat,B-flat+D,None,None,None,None,None,None,T+T,T+T,T+None,None+None,None,None,None,None,None,None
"DC0519: Si je te voy, qui est ce que desire",Plagal+Authentic,Authentic+Plagal,Plagal+Authentic,Authentic+Authentic,None,None,None,None,None,None,None+T,T+None,None+Ct,Ct+S,None,None,None,None,None,None,"None+Displaced, Inverted","Displaced, Inverted+None",None+Displaced,Displaced+None,None,None,None,None,None,None,E+C,C+C,C+C,C+C,None,None,None,None,None,None,None+B,B+None,None+B,B+T,None,None,None,None,None,None
DC0614: Mon ami est en grace si parfaict,Authentic+CAD NDLT,CAD NDLT+CAD NDLT,CAD NDLT+Authentic,Authentic+Plagal,Plagal+Plagal,None,None,None,None,None,S+B,B+B,B+S,S+None,None+None,None,None,None,None,None,"Evaded+Inverted, Displaced","Inverted, Displaced+Inverted, Displaced","Inverted, Displaced+None",None+None,None+None,None,None,None,None,None,C+G,G+G,G+D,D+C,C+C,None,None,None,None,None,T+Ct,Ct+Ct,Ct+T,T+None,None+None,None,None,None,None,None
DC0322: Or sus or sus qu'on se resveille,Authentic+Authentic,Authentic+Authentic,Authentic+Authentic,None,None,None,None,None,None,None,S+S,S+S,S+S,None,None,None,None,None,None,None,None+None,None+None,None+None,None,None,None,None,None,None,None,G+C,C+A,A+G,None,None,None,None,None,None,None,T+T,T+T,T+T,None,None,None,None,None,None,None
DC0918: L'aveuglÃ© Dieu qui partout vole nud,Authentic+Plagal,Plagal+Authentic,Authentic+Authentic,Authentic+Authentic,None,None,None,None,None,None,S+,+S,S+T,T+S,None,None,None,None,None,None,"Evaded, Doubtful+None",None+None,"None+Inverted, Evaded","Inverted, Evaded+Displaced",None,None,None,None,None,None,F+A,A+G,G+C,C+B-flat,None,None,None,None,None,None,None+,+T,T+S,S+B,None,None,None,None,None,None
DC0913: Tant plus sur toy sont arrestez mes yeulx,Phrygian+Authentic,Authentic+Authentic,Authentic+Authentic,None,None,None,None,None,None,None,Ct+S,S+S,S+Ct,None,None,None,None,None,None,None,Displaced+None,None+None,"None+Displaced, Incomplete",None,None,None,None,None,None,None,D+G,G+B-flat,B-flat+D,None,None,None,None,None,None,None,B+T,T+T,T+None,None,None,None,None,None,None,None
"DC0317: En l'eau, en l'eau jette toy vistement",Plagal+Authentic,Authentic+Authentic,Authentic+Authentic,Authentic+Authentic,None,None,None,None,None,None,None+S,S+S,S+T,T+T,None,None,None,None,None,None,None+None,None+None,None+Displaced,"Displaced+Displaced, Inverted, Evaded",None,None,None,None,None,None,D+F,F+G,G+C,C+F,None,None,None,None,None,None,None+T,T+T,T+B,B+Ct,None,None,None,None,None,None
DC0623: Vous souvient-il ; ma mignonne,Plagal+Authentic,Authentic+Authentic,Authentic+Authentic,None,None,None,None,None,None,None,None+S,S+S,S+S,None,None,None,None,None,None,None,None+None,None+None,None+None,None,None,None,None,None,None,None,D+G,G+C,C+G,None,None,None,None,None,None,None,None+T,T+T,T+T,None,None,None,None,None,None,None
DC0523: Jamais amour sans guerre n'est parfaict,Authentic+Authentic,Authentic+Authentic,Authentic+Plagal,Plagal+Authentic,Authentic+Authentic,Authentic+Authentic,Authentic+Authentic,None,None,None,S+T,T+S,S+None,None+T,T+S,S+S,S+S,None,None,None,"None+Displaced, Inverted","Displaced, Inverted+None",None+None,None+Displaced,Displaced+Incomplete,Incomplete+Displaced,Displaced+Evaded,None,None,None,G+C,C+G,G+G,G+C,C+C,C+C,C+C,None,None,None,T+Ct,Ct+T,T+None,None+B,B+T,T+Ct,Ct+T,None,None,None
DC0217: Ce friant oeil qui toujours estincelle,Authentic+Authentic,Authentic+Authentic,Authentic+Phrygian,Phrygian+Authentic,Authentic+Authentic,Authentic+Authentic,Authentic+Phrygian,None,None,None,S+Ct,Ct+S,S+S,S+S,S+S,S+S,S+S,None,None,None,None+Displaced,Displaced+None,None+Evaded,Evaded+None,None+None,None+Incomplete,Incomplete+Evaded,None,None,None,F+C,C+F,F+A,A+C,C+C,C+C,C+A,None,None,None,T+B,B+T,T+T,T+T,T+T,T+None,None+T,None,None,None
DC0320: Un mesnagier qui sa femme accusoit,Plagal+Authentic,Authentic+Authentic,Authentic+Authentic,Authentic+Authentic,Authentic+Plagal,None,None,None,None,None,+B,B+S,S+S,S+Ct,Ct+None,None,None,None,None,None,"None+Displaced, Inverted","Displaced, Inverted+None",None+Displaced,"Displaced+Displaced, Evaded","Displaced, Evaded+None",None,None,None,None,None,C+G,G+G,G+C,C+G,G+E,None,None,None,None,None,+S,S+T,T+Ct,Ct+T,T+None,None,None,None,None,None
DC0518: Puisqu'Ã  t'aimer ne reÃ§oy que tourment,Authentic+Authentic,Authentic+Authentic,Authentic+Authentic,None,None,None,None,None,None,None,T+S,S+T,T+S,None,None,None,None,None,None,None,"Displaced, Inverted+None","None+Displaced, Inverted","Displaced, Inverted+None",None,None,None,None,None,None,None,C+C,C+G,G+G,None,None,None,None,None,None,None,Ct+T,T+Ct,Ct+T,None,None,None,None,None,None,None
DC0711: Cent baysers au departir,Phrygian+Phrygian,Phrygian+Authentic,Authentic+Authentic,Authentic+Phrygian,Phrygian+Plagal,None,None,None,None,None,B+B,B+S,S+S,S+S,S+None,None,None,None,None,None,"Displaced, Inverted+Displaced, Inverted","Displaced, Inverted+None",None+None,None+None,None+None,None,None,None,None,None,D+D,D+G,G+D,D+A,A+D,None,None,None,None,None,Ct+Ct,Ct+T,T+T,T+T,T+None,None,None,None,None,None
DC0218: Je souffre passion/ D'une amour forte,Authentic+Authentic,Authentic+Authentic,Authentic+Authentic,Authentic+Authentic,Authentic+Plagal,Plagal+Authentic,Authentic+Plagal,None,None,None,S+T,T+S,S+T,T+S,S+None,None+T,T+None,None,None,None,"None+Displaced, Inverted, Evaded","Displaced, Inverted, Evaded+None",None+Displaced,Displaced+None,None+None,"None+Displaced, Inverted, Evaded","Displaced, Inverted, Evaded+None",None,None,None,F+F,F+F,F+B-flat,B-flat+B-flat,B-flat+D,D+F,F+C,None,None,None,T+Ct,Ct+T,T+B,B+T,T+None,None+Ct,Ct+None,None,None,None
DC0624: Si tu as veu que pour ton feu estaindre,Authentic+Authentic,Authentic+Plagal,Plagal+Authentic,None,None,None,None,None,None,None,S+T,T+None,None+T,None,None,None,None,None,None,None,"None+Inverted, Evaded","Inverted, Evaded+None","None+Displaced, Inverted, Evaded",None,None,None,None,None,None,None,G+C,C+G,G+C,None,None,None,None,None,None,None,T+S,S+None,None+Ct,None,None,None,None,None,None,None
DC0516: Il est permis trouver au lict s'amie,Authentic+Authentic,Authentic+Authentic,Authentic+Authentic,None,None,None,None,None,None,None,T+B,B+S,S+S,None,None,None,None,None,None,None,"Displaced, Inverted, Evaded+Displaced, Inverted","Displaced, Inverted+None",None+None,None,None,None,None,None,None,None,C+C,C+G,G+F,None,None,None,None,None,None,None,Ct+Ct,Ct+T,T+T,None,None,None,None,None,None,None
DC0119: J'ay d'un costÃ© l'honneur tant estimÃ©,Authentic+Authentic,Authentic+Authentic,Authentic+Plagal,Plagal+Authentic,Authentic+Authentic,None,None,None,None,None,S+S,S+S,S+None,None+S,S+S,None,None,None,None,None,Incomplete+None,"None+Inverted, Incomplete","Inverted, Incomplete+None",None+None,None+None,None,None,None,None,None,C+F,F+C,C+D,D+G,G+F,None,None,None,None,None,T+T,T+T,T+None,None+T,T+T,None,None,None,None,None
DC0311: Un vieil souldard prioit une fillette,Plagal+Authentic,Authentic+Authentic,Authentic+CadInCad,CadInCad+Authentic,Authentic+Authentic,None,None,None,None,None,None+S,S+S,S+S,S+Ct,Ct+S,None,None,None,None,None,None+None,None+None,None+None,"None+Displaced, Incomplete, Evaded","Displaced, Incomplete, Evaded+None",None,None,None,None,None,D+G,G+D,D+B-flat,B-flat+D,D+G,None,None,None,None,None,None+T,T+T,T+T,T+None,None+T,None,None,None,None,None
DC0919: Si j'estois mariÃ©e Ã  mon amy,Authentic+Authentic,Authentic+Authentic,Authentic+Phrygian,Phrygian+Authentic,None,None,None,None,None,None,S+S,S+S,S+Ct,Ct+S,None,None,None,None,None,None,Evaded+None,None+None,"None+Displaced, Evaded","Displaced, Evaded+None",None,None,None,None,None,None,G+G,G+G,G+D,D+G,None,None,None,None,None,None,T+T,T+T,T+B,B+T,None,None,None,None,None,None
"DC0724: Qu'est-ce qu'amour, l'un dit que c'est un dieu",Authentic+Authentic,Authentic+Phrygian,Phrygian+Authentic,Authentic+Authentic,Authentic+Authentic,None,None,None,None,None,Ct+S,S+S,S+Ct,Ct+T,T+S,None,None,None,None,None,Displaced+None,None+None,None+Displaced,Displaced+Displaced,Displaced+None,None,None,None,None,None,F+F,F+A,A+C,C+F,F+F,None,None,None,None,None,B+T,T+T,T+T,T+B,B+T,None,None,None,None,None
DC0620: En amour y a du plaisir,Plagal+Plagal,Plagal+Authentic,None,None,None,None,None,None,None,None,None+None,None+S,None,None,None,None,None,None,None,None,None+None,None+None,None,None,None,None,None,None,None,None,D+C,C+F,None,None,None,None,None,None,None,None,None+None,None+T,None,None,None,None,None,None,None,None
DC0406: D'amour me plainctz et du mal que je sens,Plagal+Authentic,Authentic+Phrygian,Phrygian+Authentic,Authentic+Authentic,None,None,None,None,None,None,+S,S+Ct,Ct+S,S+S,None,None,None,None,None,None,None+None,None+Displaced,Displaced+None,None+None,None,None,None,None,None,None,D+G,G+A,A+G,G+G,None,None,None,None,None,None,+T,T+B,B+T,T+T,None,None,None,None,None,None
DC0506: Madame je vous remercie/ De m'avoir estÃ© si rebourse,Authentic+Authentic,Authentic+Authentic,Authentic+Authentic,Authentic+Plagal,Plagal+Authentic,Authentic+Plagal,None,None,None,None,S+S,S+S,S+S,S+,+S,S+None,None,None,None,None,Displaced+Displaced,Displaced+Displaced,Displaced+Displaced,Displaced+None,None+None,None+None,None,None,None,None,D+D,D+D,D+B-flat,B-flat+D,D+D,D+G,None,None,None,None,Ct+Ct,Ct+Ct,Ct+Ct,Ct+,+T,T+None,None,None,None,None
DC0524: Tels menus plaidz conferment les amours,Authentic+Authentic,Authentic+Authentic,Authentic+Authentic,Authentic+Authentic,Authentic+Authentic,Authentic+Authentic,Authentic+Plagal,None,None,None,S+S,S+S,S+T,T+S,S+T,T+T,T+None,None,None,None,None+None,None+None,None+Displaced,Displaced+None,None+Displaced,Displaced+Displaced,Displaced+None,None,None,None,G+G,G+G,G+C,C+C,C+C,C+C,C+C,None,None,None,T+T,T+T,T+B,B+T,T+B,B+B,B+None,None,None,None
DC0423: Si j'ay grand desir de la veoir,Authentic+Plagal,Plagal+Authentic,Authentic+Authentic,None,None,None,None,None,None,None,S+,+S,S+S,None,None,None,None,None,None,None,None+None,"None+Evaded, Displaced, Incomplete","Evaded, Displaced, Incomplete+None",None,None,None,None,None,None,None,G+D,D+C,C+G,None,None,None,None,None,None,None,T+,+Ct,Ct+T,None,None,None,None,None,None,None
DC0226: Amour remply de pitiÃ© et de zelle,Authentic+Authentic,Authentic+Plagal,Plagal+Authentic,Authentic+Authentic,Authentic+Authentic,None,None,None,None,None,S+Ct,Ct+None,None+S,S+S,S+Ct,None,None,None,None,None,"None+Displaced, Incomplete","Displaced, Incomplete+None",None+None,"None+Incomplete, Evaded","Incomplete, Evaded+Displaced, Inverted, Evaded",None,None,None,None,None,G+C,C+D,D+G,G+G,G+D,None,None,None,None,None,T+None,None+None,None+T,T+T,T+S,None,None,None,None,None
"DC0908: Las, si amour nouveau conseil n'apporte",Authentic+Authentic,Authentic+Authentic,None,None,None,None,None,None,None,None,S+S,S+Ct,None,None,None,None,None,None,None,None,None+Incomplete,Incomplete+Displaced,None,None,None,None,None,None,None,None,G+D,D+B-flat,None,None,None,None,None,None,None,None,T+T,T+B,None,None,None,None,None,None,None,None
DC0112: Comme l'aymant par sa vertu latente,Authentic+Authentic,Authentic+Authentic,Authentic+Authentic,Authentic+Authentic,None,None,None,None,None,None,S+S,S+T,T+T,T+S,None,None,None,None,None,None,None+None,"None+Displaced, Incomplete, Evaded","Displaced, Incomplete, Evaded+Displaced",Displaced+None,None,None,None,None,None,None,D+D,D+D,D+F,F+D,None,None,None,None,None,None,T+T,T+Ct,Ct+B,B+T,None,None,None,None,None,None
"DC0104: Cherchant amour, Hymen vint apparoistre",Authentic+Authentic,Authentic+Authentic,Authentic+Phrygian,Phrygian+Authentic,None,None,None,None,None,None,S+S,S+Ct,Ct+Ct,Ct+S,None,None,None,None,None,None,None+None,"None+Displaced, Inverted, Evaded","Displaced, Inverted, Evaded+Displaced",Displaced+None,None,None,None,None,None,None,B-flat+G,G+D,D+D,D+G,None,None,None,None,None,None,T+T,T+S,S+B,B+T,None,None,None,None,None,None
DC0220: Qui souhaittez d'avoir tout le plaisir,Authentic+Authentic,Authentic+Authentic,Authentic+Authentic,Authentic+Plagal,Plagal+Plagal,Plagal+Authentic,None,None,None,None,T+S,S+Ct,Ct+S,S+None,None+None,None+S,None,None,None,None,"Displaced, Inverted+None","None+Displaced, Inverted","Displaced, Inverted+None",None+Evaded,Evaded+None,None+None,None,None,None,None,C+G,G+C,C+G,G+C,C+A,A+F,None,None,None,None,Ct+T,T+T,T+T,T+None,None+None,None+T,None,None,None,None
DC0902: Faisons le dire mensonger,Authentic+Authentic,Authentic+Authentic,Authentic+Authentic,None,None,None,None,None,None,None,S+S,S+S,S+S,None,None,None,None,None,None,None,Displaced+Displaced,Displaced+Evaded,Evaded+None,None,None,None,None,None,None,None,A+A,A+F,F+D,None,None,None,None,None,None,None,Ct+Ct,Ct+T,T+T,None,None,None,None,None,None,None
DC0907: Je suis honteux et n'ose descouvrir,Authentic+Authentic,Authentic+Phrygian,None,None,None,None,None,None,None,None,S+S,S+Ct,None,None,None,None,None,None,None,None,None+None,None+Displaced,None,None,None,None,None,None,None,None,G+D,D+D,None,None,None,None,None,None,None,None,T+T,T+B,None,None,None,None,None,None,None,None
"DC0606: Ce n'est poinct moy, mon oeil, qui te travaille",Phrygian+Authentic,Authentic+Authentic,Authentic+Plagal,Plagal+Plagal,Plagal+Authentic,None,None,None,None,None,S+S,S+T,T+None,None+None,None+S,None,None,None,None,None,Displaced+None,"None+Displaced, Inverted, Evaded","Displaced, Inverted, Evaded+None",None+None,None+None,None,None,None,None,None,A+D,D+G,G+D,D+D,D+G,None,None,None,None,None,B+T,T+Ct,Ct+None,None+None,None+T,None,None,None,None,None
DC0106: L'enfant Amour n'a plus son arc estrangÃ©,Authentic+Authentic,Authentic+Phrygian,Phrygian+Phrygian,Phrygian+Authentic,Authentic+Authentic,None,None,None,None,None,S+T,T+Ct,Ct+S,S+S,S+S,None,None,None,None,None,None+Displaced,Displaced+Displaced,Displaced+None,None+None,None+None,None,None,None,None,None,B-flat+B-flat,B-flat+D,D+A,A+D,D+G,None,None,None,None,None,T+B,B+B,B+T,T+T,T+T,None,None,None,None,None
DC0421: Une safrette safrettant,Authentic+Authentic,Authentic+Phrygian,Phrygian+Authentic,Authentic+Authentic,None,None,None,None,None,None,S+S,S+S,S+T,T+S,None,None,None,None,None,None,None+None,None+None,"None+Displaced, Evaded, Inverted","Displaced, Evaded, Inverted+None",None,None,None,None,None,None,G+G,G+E,E+C,C+G,None,None,None,None,None,None,T+T,T+T,T+Ct,Ct+T,None,None,None,None,None,None
DC0508: Musiciens qui chantez Ã  plaisir,Authentic+Plagal,Plagal+Plagal,Plagal+Authentic,Authentic+CadInCad,CadInCad+Authentic,Authentic+Phrygian,None,None,None,None,S+,+None,None+S,S+S,S+S,S+Ct,None,None,None,None,None+None,None+None,None+None,None+None,None+None,None+CAD NDLT,None,None,None,None,G+D,D+D,D+D,D+G,G+G,G+D,None,None,None,None,T+,+None,None+T,T+T,T+T,T+B,None,None,None,None
DC0110: Si la promesse m'est tenue,Authentic+Authentic,Authentic+Authentic,Authentic+Authentic,None,None,None,None,None,None,None,S+S,S+S,S+S,None,None,None,None,None,None,None,None+None,None+None,None+None,None,None,None,None,None,None,None,G+D,D+B-flat,B-flat+G,None,None,None,None,None,None,None,T+T,T+T,T+T,None,None,None,None,None,None,None
"DC0202: Vous me changez pour un aultre, madame",Phrygian+Authentic,Authentic+Authentic,Authentic+Authentic,Authentic+Authentic,Authentic+Authentic,None,None,None,None,None,Ct+S,S+T,T+Ct,Ct+S,S+S,None,None,None,None,None,"Displaced, Doubtful+None","None+Displaced, Incomplete","Displaced, Incomplete+Displaced",Displaced+None,None+None,None,None,None,None,None,A+D,D+F,F+A,A+A,A+D,None,None,None,None,None,B+T,T+None,None+B,B+T,T+T,None,None,None,None,None
DC0118: Vrais amateurs du plaisir de VÃ©nus,Authentic+Authentic,Authentic+Authentic,Authentic+Authentic,Authentic+Authentic,Authentic+Authentic,Authentic+Phrygian,Phrygian+Authentic,None,None,None,S+S,S+S,S+Ct,Ct+S,S+S,S+Ct,Ct+S,None,None,None,None+None,None+None,"None+Displaced, Inverted","Displaced, Inverted+None",None+None,None+Displaced,Displaced+None,None,None,None,A+A,A+A,A+C,C+A,A+A,A+E,E+G,None,None,None,T+T,T+T,T+T,T+T,T+T,T+B,B+T,None,None,None
DC0502: J'ay le fruit tant dÃ©sirÃ©,Authentic+Authentic,Authentic+Authentic,Authentic+Authentic,Authentic+Plagal,Plagal+Authentic,Authentic+Plagal,Plagal+Authentic,None,None,None,S+S,S+S,S+B,B+,+S,S+None,None+S,None,None,None,None+Incomplete,Incomplete+None,"None+Displaced, Inverted","Displaced, Inverted+None",None+None,None+None,None+None,None,None,None,B-flat+G,G+G,G+B-flat,B-flat+D,D+D,D+B-flat,B-flat+G,None,None,None,T+T,T+T,T+S,S+,+T,T+None,None+T,None,None,None
DC0517: Un jour dormoit Colin en my des prez,Authentic+CAD NDLT,CAD NDLT+CAD NDLT,CAD NDLT+Authentic,Authentic+Authentic,Authentic+Plagal,Plagal+Authentic,Authentic+Authentic,Authentic+CAD NDLT,CAD NDLT+Authentic,None,S+Ct,Ct+Ct,Ct+S,S+S,S+None,None+S,S+S,S+Ct,Ct+S,None,None+Displaced,Displaced+Displaced,Displaced+Evaded,Evaded+None,None+None,"None+Evaded, Incomplete","Evaded, Incomplete+Incomplete",Incomplete+Displaced,Displaced+Incomplete,None,F+F,F+F,F+C,C+F,F+G,G+C,C+C,C+F,F+C,None,T+B,B+B,B+T,T+T,T+None,None+T,T+T,T+B,B+T,None
DC0215: Dieu doinct le bon jour Ã  m'amye,Authentic+CadInCad,CadInCad+Authentic,Authentic+Plagal,Plagal+Authentic,Authentic+Authentic,Authentic+Authentic,None,None,None,None,Ct+T,T+S,S+None,None+S,S+Ct,Ct+S,None,None,None,None,"Displaced+Displaced, Inverted, Incomplete","Displaced, Inverted, Incomplete+None",None+None,None+None,None+Displaced,Displaced+None,None,None,None,None,F+C,C+F,F+C,C+G,G+F,F+F,None,None,None,None,B+Ct,Ct+T,T+None,None+T,T+B,B+T,None,None,None,None
DC0121: Mauldict soit-il qui jamays aymera,Authentic+Authentic,Authentic+Authentic,Authentic+Authentic,Authentic+Authentic,Authentic+Authentic,Authentic+Phrygian,Phrygian+CAD NDLT,None,None,None,S+Ct,Ct+S,S+Ct,Ct+Ct,Ct+S,S+S,S+Ct,None,None,None,None+Displaced,Displaced+None,None+Displaced,"Displaced+Displaced, Inverted, Evaded","Displaced, Inverted, Evaded+None",None+None,None+Displaced,None,None,None,F+C,C+F,F+F,F+C,C+G,G+A,A+C,None,None,None,T+B,B+T,T+B,B+S,S+T,T+T,T+B,None,None,None
DC0101: Qui souhaitez avoir tout le plaisir,Authentic+Authentic,Authentic+CadInCad,CadInCad+Authentic,Authentic+Phrygian,Phrygian+Authentic,None,None,None,None,None,S+S,S+T,T+S,S+Ct,Ct+S,None,None,None,None,None,None+None,"None+Displaced, Inverted, Evaded","Displaced, Inverted, Evaded+None",None+Displaced,Displaced+None,None,None,None,None,None,A+D,D+D,D+A,A+A,A+D,None,None,None,None,None,T+T,T+Ct,Ct+T,T+B,B+T,None,None,None,None,None
DC0109: Mars et Amour font ensemble alliance,Authentic+Authentic,Authentic+Phrygian,Phrygian+Authentic,Authentic+Authentic,Authentic+Authentic,None,None,None,None,None,S+S,S+Ct,Ct+S,S+Ct,Ct+S,None,None,None,None,None,Incomplete+None,None+Displaced,Displaced+None,"None+Displaced, Inverted","Displaced, Inverted+None",None,None,None,None,None,B-flat+G,G+D,D+B-flat,B-flat+D,D+G,None,None,None,None,None,T+T,T+B,B+T,T+S,S+T,None,None,None,None,None
DC0208: Jouons beau jeu tout en riant,Authentic+Phrygian,Phrygian+Authentic,Authentic+Authentic,Authentic+Phrygian,Phrygian+Authentic,Authentic+Authentic,Authentic+Authentic,None,None,None,S+B,B+S,S+S,S+B,B+S,S+B,B+S,None,None,None,"None+Displaced, Inverted","Displaced, Inverted+None",None+None,"None+Displaced, Inverted, Doubtful","Displaced, Inverted, Doubtful+None",None+Incomplete,Incomplete+None,None,None,None,G+D,D+G,G+G,G+D,D+G,G+F,F+B-flat,None,None,None,T+Ct,Ct+T,T+T,T+Ct,Ct+T,T+None,None+T,None,None,None
DC0309: Belle comere Dieu vous gard,Phrygian+Authentic,Authentic+Authentic,Authentic+Authentic,Authentic+Phrygian,Phrygian+Authentic,None,None,None,None,None,Ct+S,S+Ct,Ct+S,S+Ct,Ct+S,None,None,None,None,None,Displaced+None,None+Displaced,Displaced+None,None+Displaced,Displaced+None,None,None,None,None,None,D+G,G+F,F+G,G+D,D+G,None,None,None,None,None,B+T,T+B,B+T,T+B,B+T,None,None,None,None,None
DC0901: Je ne cognois femme en ceste contrÃ©e,Authentic+Authentic,Authentic+Phrygian,Phrygian+Authentic,Authentic+Phrygian,None,None,None,None,None,None,S+S,S+T,T+S,S+S,None,None,None,None,None,None,None+None,None+Displaced,"Displaced+Evaded, Doubtful","Evaded, Doubtful+None",None,None,None,None,None,None,D+A,A+A,A+F,F+E,None,None,None,None,None,None,T+T,T+B,B+T,T+T,None,None,None,None,None,None
DC0402: Quand suis au lict pour prendre mon repos,Authentic+Authentic,Authentic+Authentic,Authentic+Plagal,Plagal+Authentic,Authentic+Authentic,None,None,None,None,None,S+S,S+S,S+None,None+T,T+S,None,None,None,None,None,None+None,"None+Inverted, Evaded","Inverted, Evaded+None","None+Displaced, Inverted","Displaced, Inverted+None",None,None,None,None,None,D+G,G+C,C+D,D+D,D+G,None,None,None,None,None,T+T,T+T,T+None,None+Ct,Ct+T,None,None,None,None,None
DC0314: Ma bouche n'ose dire/ Mon apparent desir,Plagal+Authentic,Authentic+Authentic,Authentic+Plagal,Plagal+Authentic,Authentic+Authentic,None,None,None,None,None,None+S,S+S,S+None,None+T,T+S,None,None,None,None,None,None+None,None+None,None+None,None+Displaced,Displaced+None,None,None,None,None,None,D+G,G+F,F+D,D+B-flat,B-flat+G,None,None,None,None,None,None+T,T+T,T+None,None+B,B+T,None,None,None,None,None
"DC0419: Veoir, deviser et converser",Authentic+Authentic,Authentic+Authentic,Authentic+Authentic,Authentic+Authentic,None,None,None,None,None,None,S+S,S+S,S+Ct,Ct+S,None,None,None,None,None,None,Displaced+None,None+Evaded,Evaded+Displaced,Displaced+Displaced,None,None,None,None,None,None,F+G,G+F,F+C,C+F,None,None,None,None,None,None,T+T,T+T,T+B,B+T,None,None,None,None,None,None
"DC0224: Sur la verdure du prÃ© florissant, m'amye ouy",Authentic+Plagal,Plagal+Authentic,Authentic+Plagal,None,None,None,None,None,None,None,S+None,None+S,S+None,None,None,None,None,None,None,None,None+None,None+None,None+None,None,None,None,None,None,None,None,C+F,F+C,C+F,None,None,None,None,None,None,None,T+None,None+T,T+None,None,None,None,None,None,None,None
